ID,Category,Name,Method,MethodArgument,RegistryPath,RegistryItem,ClassName,Namespace,Property,DefaultValue,RecommendedValue,Operator,Severity
2.3.1.1,Security Options,Accounts: Block Microsoft accounts,Registry,,HKLM:\SOFTWARE\Microsoft\Windows\CurrentVersion\Policies\System,NoConnectedUser,,,,0,3,#ERROR!,Low
2.3.1.3,Security Options,Accounts: Limit local account use of blank passwords to console logon only,Registry,,HKLM:\System\CurrentControlSet\Control\Lsa,LimitBlankPasswordUse,,,,1,1,#ERROR!,Medium
2.3.2.1,Security Options,Audit: Force audit policy subcategory settings to override audit policy category settings,Registry,,HKLM:\System\CurrentControlSet\Control\Lsa,SCENoApplyLegacyAuditPolicy,,,,1,1,#ERROR!,Low
2.3.2.2,Security Options,Audit: Shut down system immediately if unable to log security audits,Registry,,HKLM:\SYSTEM\CurrentControlSet\Control\Lsa,CrashOnAuditFail,,,,0,0,#ERROR!,Low
2.3.4.1,Security Options,Devices: Allowed to format and eject removable media,Registry,,HKLM:\SOFTWARE\Microsoft\Windows NT\CurrentVersion\Winlogon,AllocateDASD,,,,2,2,#ERROR!,Medium
2.3.4.2,Security Options,Devices: Prevent users from installing printer drivers,Registry,,HKLM:\SYSTEM\CurrentControlSet\Control\Print\Providers\LanMan Print Services\Servers,AddPrinterDrivers,,,,0,1,#ERROR!,Medium
2.3.6.1,Security Options,Domain member: Digitally encrypt or sign secure channel data (always),Registry,,HKLM:\System\CurrentControlSet\Services\Netlogon\Parameters,RequireSignOrSeal,,,,1,1,#ERROR!,Medium
2.3.6.2,Security Options,Domain member: Digitally encrypt secure channel data (when possible),Registry,,HKLM:\System\CurrentControlSet\Services\Netlogon\Parameters,SealSecureChannel,,,,1,1,#ERROR!,Medium
2.3.6.3,Security Options,Domain member: Digitally sign secure channel data (when possible),Registry,,HKLM:\System\CurrentControlSet\Services\Netlogon\Parameters,SignSecureChannel,,,,1,1,#ERROR!,Medium
2.3.6.4,Security Options,Domain member: Disable machine account password changes,Registry,,HKLM:\System\CurrentControlSet\Services\Netlogon\Parameters,DisablePasswordChange,,,,0,0,#ERROR!,Medium
2.3.6.5,Security Options,Domain member: Maximum machine account password age,Registry,,HKLM:\System\CurrentControlSet\Services\Netlogon\Parameters,MaximumPasswordAge,,,,30,30,<=!0,Medium
2.3.6.6,Security Options,Domain member: Require strong (Windows 2000 or later) session key,Registry,,HKLM:\System\CurrentControlSet\Services\Netlogon\Parameters,RequireStrongKey,,,,1,1,#ERROR!,Medium
2.3.7.1,Security Options,Interactive logon: Do not require CTRL+ALT+DEL,Registry,,HKLM:\Software\Microsoft\Windows\CurrentVersion\Policies\System,DisableCAD,,,,1,0,#ERROR!,Low
2.3.7.2,Security Options,Interactive logon: Don't display last signed-in,Registry,,HKLM:\Software\Microsoft\Windows\CurrentVersion\Policies\System,DontDisplayLastUserName,,,,0,1,#ERROR!,Low
2.3.7.3,Security Options,Interactive logon: Machine account lockout threshold,Registry,,HKLM:\SOFTWARE\Microsoft\Windows\CurrentVersion\Policies\System,MaxDevicePasswordFailedAttempts,,,,10,10,<=!0,Medium
2.3.7.4,Security Options,Interactive logon: Machine inactivity limit,Registry,,HKLM:\SOFTWARE\Microsoft\Windows\CurrentVersion\Policies\System,InactivityTimeoutSecs,,,,900,900,<=!0,Medium
2.3.7.5,Security Options,Interactive logon: Message text for users attempting to log on,Registry,,HKLM:\SOFTWARE\Microsoft\Windows\CurrentVersion\Policies\System,LegalNoticeText,,,,,,!=,Low
2.3.7.6,Security Options,Interactive logon: Message title for users attempting to log on,Registry,,HKLM:\SOFTWARE\Microsoft\Windows\CurrentVersion\Policies\System,LegalNoticeCaption,,,,,,!=,Low
2.3.7.7,Security Options,Interactive logon: Number of previous logons to cache (in case domain controller is not available),Registry,,HKLM:\SOFTWARE\Microsoft\Windows NT\CurrentVersion\Winlogon,CachedLogonsCount,,,,10,4,<=,Medium
2.3.7.8.1,Security Options,Interactive logon: Prompt user to change password before expiration (Max),Registry,,HKLM:\SOFTWARE\Microsoft\Windows\CurrentVersion\Policies\System,PasswordExpiryWarning,,,,5,14,<=,Low
2.3.7.8.2,Security Options,Interactive logon: Prompt user to change password before expiration (Min),Registry,,HKLM:\SOFTWARE\Microsoft\Windows\CurrentVersion\Policies\System,PasswordExpiryWarning,,,,5,5,>=,Low
2.3.7.9,Security Options,Interactive logon: Smart card removal behavior,Registry,,HKLM:\Software\Microsoft\Windows NT\CurrentVersion\Winlogon,ScRemoveOption,,,,0,1,#ERROR!,Low
2.3.8.1,Security Options,Microsoft network client: Digitally sign communications (always),Registry,,HKLM:\System\CurrentControlSet\Services\LanmanWorkstation\Parameters,RequireSecuritySignature,,,,0,1,#ERROR!,Medium
2.3.8.2,Security Options,Microsoft network client: Digitally sign communications (if server agrees),Registry,,HKLM:\System\CurrentControlSet\Services\LanmanWorkstation\Parameters,EnableSecuritySignature,,,,1,1,#ERROR!,Medium
2.3.8.3,Security Options,Microsoft network client: Send unencrypted password to third-party SMB servers,Registry,,HKLM:\System\CurrentControlSet\Services\LanmanWorkstation\Parameters,EnablePlainTextPassword,,,,0,0,#ERROR!,Medium
2.3.9.1,Security Options,Microsoft network server: Amount of idle time required before suspending session,Registry,,HKLM:\SYSTEM\CurrentControlSet\Services\LanManServer\Parameters,AutoDisconnect,,,,15,15,<=,Medium
2.3.9.2,Security Options,Microsoft network server: Digitally sign communications (always),Registry,,HKLM:\System\CurrentControlSet\Services\LanManServer\Parameters,RequireSecuritySignature,,,,0,1,#ERROR!,Medium
2.3.9.3,Security Options,Microsoft network server: Digitally sign communications (if client agrees),Registry,,HKLM:\System\CurrentControlSet\Services\LanManServer\Parameters,EnableSecuritySignature,,,,0,1,#ERROR!,Medium
2.3.9.4,Security Options,Microsoft network server: Disconnect clients when logon hours expire,Registry,,HKLM:\System\CurrentControlSet\Services\LanManServer\Parameters,enableforcedlogoff,,,,1,1,#ERROR!,Medium
2.3.9.5,Security Options,Microsoft network server: Server SPN target name validation level,Registry,,HKLM:\System\CurrentControlSet\Services\LanManServer\Parameters,SMBServerNameHardeningLevel,,,,,1,>=,Medium
2.3.10.2,Security Options,Network access: Do not allow anonymous enumeration of SAM accounts,Registry,,HKLM:\System\CurrentControlSet\Control\Lsa,RestrictAnonymousSAM,,,,1,1,#ERROR!,Medium
2.3.10.3,Security Options,Network access: Do not allow anonymous enumeration of SAM accounts and shares,Registry,,HKLM:\System\CurrentControlSet\Control\Lsa,RestrictAnonymous,,,,0,1,#ERROR!,Medium
2.3.10.4,Security Options,Network access: Do not allow storage of passwords and credentials for network authentication,Registry,,HKLM:\System\CurrentControlSet\Control\Lsa,DisableDomainCreds,,,,0,1,#ERROR!,Medium
2.3.10.5,Security Options,Network access: Let Everyone permissions apply to anonymous users,Registry,,HKLM:\System\CurrentControlSet\Control\Lsa,EveryoneIncludesAnonymous,,,,0,0,#ERROR!,Medium
2.3.10.6,Security Options,Network access: Named Pipes that can be accessed anonymously,Registry,,HKLM:\SYSTEM\CurrentControlSet\Services\LanManServer\Parameters,NullSessionPipes,,,,,,#ERROR!,Medium
2.3.10.7,Security Options,Network access: Remotely accessible registry paths,Registry,,HKLM:\SYSTEM\CurrentControlSet\Control\SecurePipeServers\Winreg\AllowedExactPaths,Machine,,,,System\CurrentControlSet\Control\ProductOptions System\CurrentControlSet\Control\Server Applications Software\Microsoft\Windows NT\CurrentVersion,System\CurrentControlSet\Control\ProductOptions;System\CurrentControlSet\Control\Server Applications;Software\Microsoft\Windows NT\CurrentVersion,#ERROR!,Medium
2.3.10.8,Security Options,Network access: Remotely accessible registry paths and sub-paths,Registry,,HKLM:\SYSTEM\CurrentControlSet\Control\SecurePipeServers\Winreg\AllowedPaths,Machine,,,,System\CurrentControlSet\Control\Print\Printers System\CurrentControlSet\Services\Eventlog Software\Microsoft\OLAP Server Software\Microsoft\Windows NT\CurrentVersion\Print Software\Microsoft\Windows NT\CurrentVersion\Windows System\CurrentControlSet\Control\ContentIndex System\CurrentControlSet\Control\Terminal Server System\CurrentControlSet\Control\Terminal Server\UserConfig System\CurrentControlSet\Control\Terminal Server\DefaultUserConfiguration Software\Microsoft\Windows NT\CurrentVersion\Perflib System\CurrentControlSet\Services\SysmonLog,System\CurrentControlSet\Control\Print\Printers;System\CurrentControlSet\Services\Eventlog;Software\Microsoft\OLAP Server;Software\Microsoft\Windows NT\CurrentVersion\Print;Software\Microsoft\Windows NT\CurrentVersion\Windows;System\CurrentControlSet\Control\ContentIndex;System\CurrentControlSet\Control\Terminal Server;System\CurrentControlSet\Control\Terminal Server\UserConfig;System\CurrentControlSet\Control\Terminal Server\DefaultUserConfiguration;Software\Microsoft\Windows NT\CurrentVersion\Perflib;System\CurrentControlSet\Services\SysmonLog,#ERROR!,Medium
2.3.10.9,Security Options,Network access: Restrict anonymous access to Named Pipes and Shares,Registry,,HKLM:\System\CurrentControlSet\Services\LanManServer\Parameters,RestrictNullSessAccess,,,,1,1,#ERROR!,Medium
2.3.10.10,Security Options,Network access: Restrict clients allowed to make remote calls to SAM,Registry,,HKLM:\System\CurrentControlSet\Control\Lsa,RestrictRemoteSAM,,,,,O:BAG:BAD:(A;;RC;;;BA),#ERROR!,Medium
2.3.10.11,Security Options,Network access: Shares that can be accessed anonymously,Registry,,HKLM:\System\CurrentControlSet\Services\LanManServer\Parameters,NullSessionShares,,,,,,#ERROR!,Medium
2.3.10.12,Security Options,Network access: Sharing and security model for local accounts,Registry,,HKLM:\System\CurrentControlSet\Control\Lsa,ForceGuest,,,,0,0,#ERROR!,Medium
2.3.11.1,Security Options,Network security: Allow Local System to use computer identity for NTLM,Registry,,HKLM:\System\CurrentControlSet\Control\Lsa,UseMachineId,,,,0,1,#ERROR!,Medium
2.3.11.2,Security Options,Network security: Allow LocalSystem NULL session fallback,Registry,,HKLM:\System\CurrentControlSet\Control\Lsa\MSV1_0,allownullsessionfallback,,,,0,0,#ERROR!,Medium
2.3.11.3,Security Options,Network security: Allow PKU2U authentication requests to this computer to use online identities,Registry,,HKLM:\System\CurrentControlSet\Control\Lsa\pku2u,AllowOnlineID,,,,,0,#ERROR!,Medium
2.3.11.4,Security Options,Network security: Configure encryption types allowed for Kerberos,Registry,,HKLM:\SOFTWARE\Microsoft\Windows\CurrentVersion\Policies\System\Kerberos\Parameters,SupportedEncryptionTypes,,,,2147483644,2147483640,<=,Medium
2.3.11.5,Security Options,Network security: Do not store LAN Manager hash value on next password change,Registry,,HKLM:\System\CurrentControlSet\Control\Lsa,NoLMHash,,,,1,1,#ERROR!,High
2.3.11.7,Security Options,Network security: LAN Manager authentication level,Registry,,HKLM:\System\CurrentControlSet\Control\Lsa,LmCompatibilityLevel,,,,3,5,#ERROR!,Medium
2.3.11.8,Security Options,Network security: LDAP client signing requirements,Registry,,HKLM:\System\CurrentControlSet\Services\LDAP,LDAPClientIntegrity,,,,1,1,>=,Medium
2.3.11.9,Security Options,Network security: Minimum session security for NTLM SSP based (including secure RPC) clients,Registry,,HKLM:\System\CurrentControlSet\Control\Lsa\MSV1_0,NTLMMinClientSec,,,,536870912,537395200,#ERROR!,Medium
2.3.11.10,Security Options,Network security: Minimum session security for NTLM SSP based (including secure RPC) servers,Registry,,HKLM:\System\CurrentControlSet\Control\Lsa\MSV1_0,NTLMMinServerSec,,,,536870912,537395200,#ERROR!,Medium
2.3.14.1,Security Options,System cryptography: Force strong key protection for user keys stored on the computer,Registry,,HKLM:\SOFTWARE\Policies\Microsoft\Cryptography,ForceKeyProtection,,,,,1,>=,Medium
2.3.15.1,Security Options,System objects: Require case insensitivity for non-Windows subsystem,Registry,,HKLM:\SYSTEM\CurrentControlSet\Control\Session Manager\Kernel,ObCaseInsensitive,,,,1,1,#ERROR!,Medium
2.3.15.2,Security Options,System objects: Strengthen default permissions of internal system objects (e.g. Symbolic Links),Registry,,HKLM:\System\CurrentControlSet\Control\Session Manager,ProtectionMode,,,,1,1,#ERROR!,Medium
2.3.17.1,Security Options,User Account Control: Admin Approval Mode for the Built-in Administrator account,Registry,,HKLM:\SOFTWARE\Microsoft\Windows\CurrentVersion\Policies\System,FilterAdministratorToken,,,,0,1,#ERROR!,Medium
2.3.17.2,Security Options,User Account Control: Behavior of the elevation prompt for administrators in Admin Approval Mode,Registry,,HKLM:\SOFTWARE\Microsoft\Windows\CurrentVersion\Policies\System,ConsentPromptBehaviorAdmin,,,,5,2,#ERROR!,Medium
2.3.17.3,Security Options,User Account Control: Behavior of the elevation prompt for standard users,Registry,,HKLM:\SOFTWARE\Microsoft\Windows\CurrentVersion\Policies\System,ConsentPromptBehaviorUser,,,,0,0,#ERROR!,Medium
2.3.17.4,Security Options,User Account Control: Detect application installations and prompt for elevation,Registry,,HKLM:\SOFTWARE\Microsoft\Windows\CurrentVersion\Policies\System,EnableInstallerDetection,,,,1,1,#ERROR!,Medium
2.3.17.5,Security Options,User Account Control: Only elevate UIAccess applications that are installed in secure locations,Registry,,HKLM:\SOFTWARE\Microsoft\Windows\CurrentVersion\Policies\System,EnableSecureUIAPaths,,,,1,1,#ERROR!,Medium
2.3.17.6,Security Options,User Account Control: Run all administrators in Admin Approval Mode,Registry,,HKLM:\SOFTWARE\Microsoft\Windows\CurrentVersion\Policies\System,EnableLUA,,,,1,1,#ERROR!,Medium
2.3.17.7,Security Options,User Account Control: Switch to the secure desktop when prompting for elevation,Registry,,HKLM:\SOFTWARE\Microsoft\Windows\CurrentVersion\Policies\System,PromptOnSecureDesktop,,,,1,1,#ERROR!,Medium
2.3.17.8,Security Options,User Account Control: Virtualize file and registry write failures to per-user locations,Registry,,HKLM:\SOFTWARE\Microsoft\Windows\CurrentVersion\Policies\System,EnableVirtualization,,,,1,1,#ERROR!,Medium
5.1.1,System Services,Bluetooth Audio Gateway Service (BTAGService),Registry,,HKLM:\SYSTEM\CurrentControlSet\Services\BTAGService,Start,,,,3,4,#ERROR!,Medium
5.2.1,System Services,Bluetooth Support Service (bthserv),Registry,,HKLM:\SYSTEM\CurrentControlSet\Services\bthserv,Start,,,,3,4,#ERROR!,Medium
5.3.1,System Services,Computer Browser (Browser),Registry,,HKLM:\SYSTEM\CurrentControlSet\Services\Browser,Start,,,,,4,#ERROR!,Medium
5.4.1,System Services,Downloaded Maps Manager (MapsBroker),Registry,,HKLM:\SYSTEM\CurrentControlSet\Services\MapsBroker,Start,,,,2,4,#ERROR!,Medium
5.5.1,System Services,Geolocation Service (lfsvc),Registry,,HKLM:\SYSTEM\CurrentControlSet\Services\lfsvc,Start,,,,3,4,#ERROR!,Medium
5.6.1,System Services,IIS Admin Service (IISADMIN),Registry,,HKLM:\SYSTEM\CurrentControlSet\Services\IISADMIN,Start,,,,,4,#ERROR!,Medium
5.7.1,System Services,Infrared monitor service (irmon),Registry,,HKLM:\SYSTEM\CurrentControlSet\Services\irmon,Start,,,,,4,#ERROR!,Medium
5.8.1,System Services,Internet Connection Sharing (ICS) (SharedAccess),Registry,,HKLM:\SYSTEM\CurrentControlSet\Services\SharedAccess,Start,,,,3,4,#ERROR!,Medium
5.9.1,System Services,Link-Layer Topology Discovery Mapper (lltdsvc),Registry,,HKLM:\SYSTEM\CurrentControlSet\Services\lltdsvc,Start,,,,3,4,#ERROR!,Medium
5.10.1,System Services,LxssManager (LxssManager),Registry,,HKLM:\SYSTEM\CurrentControlSet\Services\LxssManager,Start,,,,,4,#ERROR!,Medium
5.11.1,System Services,Microsoft FTP Service (FTPSVC),Registry,,HKLM:\SYSTEM\CurrentControlSet\Services\FTPSVC,Start,,,,,4,#ERROR!,Medium
5.12.1,System Services,Microsoft iSCSI Initiator Service (MSiSCSI),Registry,,HKLM:\SYSTEM\CurrentControlSet\Services\MSiSCSI,Start,,,,3,4,#ERROR!,Medium
5.13.1,System Services,OpenSSH SSH Server (sshd),Registry,,HKLM:\SYSTEM\CurrentControlSet\Services\sshd,Start,,,,,4,#ERROR!,Medium
5.14.1,System Services,Peer Name Resolution Protocol (PNRPsvc),Registry,,HKLM:\SYSTEM\CurrentControlSet\Services\PNRPsvc,Start,,,,3,4,#ERROR!,Medium
5.15.1,System Services,Peer Networking Grouping (p2psvc),Registry,,HKLM:\SYSTEM\CurrentControlSet\Services\p2psvc,Start,,,,3,4,#ERROR!,Medium
5.16.1,System Services,Peer Networking Identity Manager (p2pimsvc),Registry,,HKLM:\SYSTEM\CurrentControlSet\Services\p2pimsvc,Start,,,,3,4,#ERROR!,Medium
5.17.1,System Services,PNRP Machine Name Publication Service (PNRPAutoReg),Registry,,HKLM:\SYSTEM\CurrentControlSet\Services\PNRPAutoReg,Start,,,,3,4,#ERROR!,Medium
5.18.1,System Services,Print Spooler (Spooler),Registry,,HKLM:\SYSTEM\CurrentControlSet\Services\Spooler,Start,,,,2,4,#ERROR!,Medium
5.19.1,System Services,Problem Reports and Solutions Control Panel Support (wercplsupport),Registry,,HKLM:\SYSTEM\CurrentControlSet\Services\wercplsupport,Start,,,,3,4,#ERROR!,Medium
5.20.1,System Services,Remote Access Auto Connection Manager (RasAuto),Registry,,HKLM:\SYSTEM\CurrentControlSet\Services\RasAuto,Start,,,,3,4,#ERROR!,Medium
5.21.1,System Services,Remote Desktop Configuration (SessionEnv),Registry,,HKLM:\SYSTEM\CurrentControlSet\Services\SessionEnv,Start,,,,3,4,#ERROR!,Medium
5.22.1,System Services,Remote Desktop Services (TermService),Registry,,HKLM:\SYSTEM\CurrentControlSet\Services\TermService,Start,,,,3,4,#ERROR!,Medium
5.23.1,System Services,Remote Desktop Services UserMode Port Redirector (UmRdpService),Registry,,HKLM:\SYSTEM\CurrentControlSet\Services\UmRdpService,Start,,,,3,4,#ERROR!,Medium
5.24.1,System Services,Remote Procedure Call (RPC) Locator (RpcLocator),Registry,,HKLM:\SYSTEM\CurrentControlSet\Services\RpcLocator,Start,,,,3,4,#ERROR!,Medium
5.25.1,System Services,Remote Registry (RemoteRegistry),Registry,,HKLM:\SYSTEM\CurrentControlSet\Services\RemoteRegistry,Start,,,,4,4,#ERROR!,Medium
5.26.1,System Services,Routing and Remote Access (RemoteAccess),Registry,,HKLM:\SYSTEM\CurrentControlSet\Services\RemoteAccess,Start,,,,4,4,#ERROR!,Medium
5.27.1,System Services,Server (LanmanServer),Registry,,HKLM:\SYSTEM\CurrentControlSet\Services\LanmanServer,Start,,,,2,4,#ERROR!,Medium
5.28.1,System Services,Simple TCP/IP Services (simptcp),Registry,,HKLM:\SYSTEM\CurrentControlSet\Services\simptcp,Start,,,,,4,#ERROR!,Medium
5.29.1,System Services,SNMP Service (SNMP),Registry,,HKLM:\SYSTEM\CurrentControlSet\Services\SNMP,Start,,,,,4,#ERROR!,Medium
5.30.1,System Services,Special Administration Console Helper (sacsvr),Registry,,HKLM:\SYSTEM\CurrentControlSet\Services\sacsvr,Start,,,,,4,#ERROR!,Medium
5.31.1,System Services,SSDP Discovery (SSDPSRV),Registry,,HKLM:\SYSTEM\CurrentControlSet\Services\SSDPSRV,Start,,,,3,4,#ERROR!,Medium
5.32.1,System Services,UPnP Device Host (upnphost),Registry,,HKLM:\SYSTEM\CurrentControlSet\Services\upnphost,Start,,,,3,4,#ERROR!,Medium
5.33.1,System Services,Web Management Service (WMSvc),Registry,,HKLM:\SYSTEM\CurrentControlSet\Services\WMSvc,Start,,,,,4,#ERROR!,Medium
5.34.1,System Services,Windows Error Reporting Service (WerSvc),Registry,,HKLM:\SYSTEM\CurrentControlSet\Services\WerSvc,Start,,,,3,4,#ERROR!,Medium
5.35.1,System Services,Windows Event Collector (Wecsvc),Registry,,HKLM:\SYSTEM\CurrentControlSet\Services\Wecsvc,Start,,,,3,4,#ERROR!,Medium
5.36.1,System Services,Windows Media Player Network Sharing Service (WMPNetworkSvc),Registry,,HKLM:\SYSTEM\CurrentControlSet\Services\WMPNetworkSvc,Start,,,,3,4,#ERROR!,Medium
5.37.1,System Services,Windows Mobile Hotspot Service (icssvc),Registry,,HKLM:\SYSTEM\CurrentControlSet\Services\icssvc,Start,,,,3,4,#ERROR!,Medium
5.38.1,System Services,Windows Push Notifications System Service (WpnService),Registry,,HKLM:\SYSTEM\CurrentControlSet\Services\WpnService,Start,,,,2,4,#ERROR!,Medium
5.39.1,System Services,Windows PushToInstall Service (PushToInstall),Registry,,HKLM:\SYSTEM\CurrentControlSet\Services\PushToInstall,Start,,,,3,4,#ERROR!,Medium
5.40.1,System Services,Windows Remote Management (WS-Management) (WinRM),Registry,,HKLM:\SYSTEM\CurrentControlSet\Services\WinRM,Start,,,,3,4,#ERROR!,Medium
5.41.1,System Services,World Wide Web Publishing Service (W3SVC),Registry,,HKLM:\SYSTEM\CurrentControlSet\Services\W3SVC,Start,,,,,4,#ERROR!,Medium
5.42.1,System Services,Xbox Accessory Management Service (XboxGipSvc),Registry,,HKLM:\SYSTEM\CurrentControlSet\Services\XboxGipSvc,Start,,,,3,4,#ERROR!,Medium
5.43.1,System Services,Xbox Live Auth Manager (XblAuthManager),Registry,,HKLM:\SYSTEM\CurrentControlSet\Services\XblAuthManager,Start,,,,3,4,#ERROR!,Medium
5.44.1,System Services,Xbox Live Game Save (XblGameSave),Registry,,HKLM:\SYSTEM\CurrentControlSet\Services\XblGameSave,Start,,,,3,4,#ERROR!,Medium
5.45.1,System Services,Xbox Live Networking Service (XboxNetApiSvc),Registry,,HKLM:\SYSTEM\CurrentControlSet\Services\XboxNetApiSvc,Start,,,,3,4,#ERROR!,Medium
9.1.1,Windows Firewall,"EnableFirewall (Domain Profile, Policy)",Registry,,HKLM:\SOFTWARE\Policies\Microsoft\WindowsFirewall\DomainProfile,EnableFirewall,,,,0,1,#ERROR!,Medium
9.1.2,Windows Firewall,"Inbound Connections (Domain Profile, Policy)",Registry,,HKLM:\SOFTWARE\Policies\Microsoft\WindowsFirewall\DomainProfile,DefaultInboundAction,,,,1,1,#ERROR!,Medium
9.1.3,Windows Firewall,"Outbound Connections (Domain Profile, Policy)",Registry,,HKLM:\SOFTWARE\Policies\Microsoft\WindowsFirewall\DomainProfile,DefaultOutboundAction,,,,0,0,#ERROR!,Medium
9.1.4,Windows Firewall,"Display a notification (Domain Profile, Policy)",Registry,,HKLM:\SOFTWARE\Policies\Microsoft\WindowsFirewall\DomainProfile,DisableNotifications,,,,0,1,#ERROR!,Low
9.1.5,Windows Firewall,"Name of log file (Domain Profile, Policy)",Registry,,HKLM:\SOFTWARE\Policies\Microsoft\WindowsFirewall\DomainProfile\Logging,LogFilePath,,,,%SystemRoot%\System32\logfiles\firewall\pfirewall.log,%SystemRoot%\System32\logfiles\firewall\domainfw.log,#ERROR!,Low
9.1.6,Windows Firewall,"Log size limit (Domain Profile, Policy)",Registry,,HKLM:\SOFTWARE\Policies\Microsoft\WindowsFirewall\DomainProfile\Logging,LogFileSize,,,,4096,16384,>=,Medium
9.1.7,Windows Firewall,"Log dropped packets (Domain Profile, Policy)",Registry,,HKLM:\SOFTWARE\Policies\Microsoft\WindowsFirewall\DomainProfile\Logging,LogDroppedPackets,,,,0,1,#ERROR!,Medium
9.1.8,Windows Firewall,"Log successful connections (Domain Profile, Policy)",Registry,,HKLM:\SOFTWARE\Policies\Microsoft\WindowsFirewall\DomainProfile\Logging,LogSuccessfulConnections,,,,0,1,#ERROR!,Low
9.2.1,Windows Firewall,"EnableFirewall (Private Profile, Policy)",Registry,,HKLM:\SOFTWARE\Policies\Microsoft\WindowsFirewall\PrivateProfile,EnableFirewall,,,,0,1,#ERROR!,Medium
9.2.2,Windows Firewall,"Inbound Connections (Private Profile, Policy)",Registry,,HKLM:\SOFTWARE\Policies\Microsoft\WindowsFirewall\PrivateProfile,DefaultInboundAction,,,,1,1,#ERROR!,Medium
9.2.3,Windows Firewall,"Outbound Connections (Private Profile, Policy)",Registry,,HKLM:\SOFTWARE\Policies\Microsoft\WindowsFirewall\PrivateProfile,DefaultOutboundAction,,,,0,0,#ERROR!,Medium
9.2.4,Windows Firewall,"Display a notification (Private Profile, Policy)",Registry,,HKLM:\SOFTWARE\Policies\Microsoft\WindowsFirewall\PrivateProfile,DisableNotifications,,,,0,1,#ERROR!,Low
9.2.5,Windows Firewall,"Name of log file (Private Profile, Policy)",Registry,,HKLM:\SOFTWARE\Policies\Microsoft\WindowsFirewall\PrivateProfile\Logging,LogFilePath,,,,%SystemRoot%\System32\logfiles\firewall\pfirewall.log,%SystemRoot%\System32\logfiles\firewall\privatefw.log,#ERROR!,Low
9.2.6,Windows Firewall,"Log size limit (Private Profile, Policy)",Registry,,HKLM:\SOFTWARE\Policies\Microsoft\WindowsFirewall\PrivateProfile\Logging,LogFileSize,,,,4096,16384,>=,Medium
9.2.7,Windows Firewall,"Log dropped packets (Private Profile, Policy)",Registry,,HKLM:\SOFTWARE\Policies\Microsoft\WindowsFirewall\PrivateProfile\Logging,LogDroppedPackets,,,,0,1,#ERROR!,Medium
9.2.8,Windows Firewall,"Log successful connections (Private Profile, Policy)",Registry,,HKLM:\SOFTWARE\Policies\Microsoft\WindowsFirewall\PrivateProfile\Logging,LogSuccessfulConnections,,,,0,1,#ERROR!,Low
9.3.1,Windows Firewall,"EnableFirewall (Public Profile, Policy)",Registry,,HKLM:\SOFTWARE\Policies\Microsoft\WindowsFirewall\PublicProfile,EnableFirewall,,,,0,1,#ERROR!,Medium
9.3.2,Windows Firewall,"Inbound Connections (Public Profile, Policy)",Registry,,HKLM:\SOFTWARE\Policies\Microsoft\WindowsFirewall\PublicProfile,DefaultInboundAction,,,,1,1,#ERROR!,Medium
9.3.3,Windows Firewall,"Outbound Connections (Public Profile, Policy)",Registry,,HKLM:\SOFTWARE\Policies\Microsoft\WindowsFirewall\PublicProfile,DefaultOutboundAction,,,,0,0,#ERROR!,Medium
9.3.4,Windows Firewall,"Display a notification (Public Profile, Policy)",Registry,,HKLM:\SOFTWARE\Policies\Microsoft\WindowsFirewall\PublicProfile,DisableNotifications,,,,0,1,#ERROR!,Low
9.3.5,Windows Firewall,"Apply local firewall rules (Public Profile, Policy)",Registry,,HKLM:\SOFTWARE\Policies\Microsoft\WindowsFirewall\PublicProfile,AllowLocalPolicyMerge,,,,0,0,#ERROR!,Low
9.3.6,Windows Firewall,"Apply local connection security rules (Public Profile, Policy)",Registry,,HKLM:\SOFTWARE\Policies\Microsoft\WindowsFirewall\PublicProfile,AllowLocalIPsecPolicyMerge,,,,0,0,#ERROR!,Low
9.3.7,Windows Firewall,"Name of log file (Public Profile, Policy)",Registry,,HKLM:\SOFTWARE\Policies\Microsoft\WindowsFirewall\PublicProfile\Logging,LogFilePath,,,,%SystemRoot%\System32\logfiles\firewall\pfirewall.log,%SystemRoot%\System32\logfiles\firewall\publicfw.log,#ERROR!,Low
9.3.8,Windows Firewall,"Log size limit (Public Profile, Policy)",Registry,,HKLM:\SOFTWARE\Policies\Microsoft\WindowsFirewall\PublicProfile\Logging,LogFileSize,,,,4096,16384,>=,Medium
9.3.9,Windows Firewall,"Log dropped packets (Public Profile, Policy)",Registry,,HKLM:\SOFTWARE\Policies\Microsoft\WindowsFirewall\PublicProfile\Logging,LogDroppedPackets,,,,0,1,#ERROR!,Medium
9.3.10,Windows Firewall,"Log successful connections (Public Profile, Policy)",Registry,,HKLM:\SOFTWARE\Policies\Microsoft\WindowsFirewall\PublicProfile\Logging,LogSuccessfulConnections,,,,0,1,#ERROR!,Low
18.1.1.1,Administrative Templates: Control Panel,Personalization: Prevent enabling lock screen camera,Registry,,HKLM:\Software\Policies\Microsoft\Windows\Personalization,NoLockScreenCamera,,,,0,1,#ERROR!,Low
18.1.1.2,Administrative Templates: Control Panel,Personalization: Prevent enabling lock screen slide show,Registry,,HKLM:\Software\Policies\Microsoft\Windows\Personalization,NoLockScreenSlideshow,,,,0,1,#ERROR!,Low
18.1.2.2,Administrative Templates: Control Panel,Regional and Language Options: Allow users to enable online speech recognition services,Registry,,HKLM:\SOFTWARE\Policies\Microsoft\InputPersonalization,AllowInputPersonalization,,,,1,0,#ERROR!,Medium
18.1.3,Administrative Templates: Control Panel,Allow Online Tips,Registry,,HKLM:\SOFTWARE\Microsoft\Windows\CurrentVersion\Policies\Explorer,AllowOnlineTips,,,,1,0,#ERROR!,Medium
18.3.1,Administrative Templates: LAPS,LAPS AdmPwd GPO Extension / CSE,Registry,,HKLM:\SOFTWARE\Microsoft\Windows NT\CurrentVersion\Winlogon\GPExtensions\{D76B9641-3288-4f75-942D-087DE603E3EA},DllName,,,,,C:\Program Files\LAPS\CSE\AdmPwd.dll,#ERROR!,Medium
18.3.2,Administrative Templates: LAPS,Do not allow password expiration time longer than required by policy,Registry,,HKLM:\SOFTWARE\Policies\Microsoft Services\AdmPwd,PwdExpirationProtectionEnabled,,,,0,1,#ERROR!,Medium
18.3.3,Administrative Templates: LAPS,Enable local admin password management,Registry,,HKLM:\Software\Policies\Microsoft Services\AdmPwd,AdmPwdEnabled,,,,0,1,#ERROR!,Medium
18.3.4,Administrative Templates: LAPS,Password Settings: Password Complexity,Registry,,HKLM:\SOFTWARE\Policies\Microsoft Services\AdmPwd,PasswordComplexity,,,,4,4,#ERROR!,Medium
18.3.5,Administrative Templates: LAPS,Password Settings: Password Length,Registry,,HKLM:\SOFTWARE\Policies\Microsoft Services\AdmPwd,PasswordLength,,,,14,15,>=,Medium
18.3.6,Administrative Templates: LAPS,Password Settings: Password Age (Days),Registry,,HKLM:\SOFTWARE\Policies\Microsoft Services\AdmPwd,PasswordAgeDays,,,,30,30,<=,Medium
18.4.1,MS Security Guide,Apply UAC restrictions to local accounts on network logons,Registry,,HKLM:\SOFTWARE\Microsoft\Windows\CurrentVersion\Policies\System,LocalAccountTokenFilterPolicy,,,,,0,#ERROR!,Medium
18.4.2,MS Security Guide,Configure RPC packet level privacy setting for incoming connections,Registry,,HKLM:\System\CurrentControlSet\Control\Print,RpcAuthnLevelPrivacyEnabled,,,,,1,#ERROR!,Medium
18.4.3,MS Security Guide,Configure SMB v1 client driver,Registry,,HKLM:\SYSTEM\CurrentControlSet\Services\MrxSmb10,Start,,,,1,4,#ERROR!,Medium
18.4.4,MS Security Guide,Configure SMB v1 server,Registry,,HKLM:\SYSTEM\CurrentControlSet\Services\LanmanServer\Parameters,SMB1,,,,1,0,#ERROR!,Medium
18.4.5,MS Security Guide,Enable Structured Exception Handling Overwrite Protection (SEHOP),Registry,,HKLM:\SYSTEM\CurrentControlSet\Control\Session Manager\kernel,DisableExceptionChainValidation,,,,0,0,#ERROR!,Medium
18.4.6,MS Security Guide,LSA Protection,Registry,,HKLM:\SYSTEM\CurrentControlSet\Control\Lsa,RunAsPPL,,,,,1,#ERROR!,Medium
18.4.7,MS Security Guide,NetBT NodeType configuration,Registry,,HKLM:\SYSTEM\CurrentControlSet\Services\NetBT\Parameters,NodeType,,,,0,2,#ERROR!,Medium
18.4.8,MS Security Guide,WDigest Authentication,Registry,,HKLM:\SYSTEM\CurrentControlSet\Control\SecurityProviders\WDigest,UseLogonCredential,,,,0,0,#ERROR!,High
18.5.1,MSS (Legacy),MSS: (AutoAdminLogon) Enable Automatic Logon (not recommended),Registry,,HKLM:\SOFTWARE\Microsoft\Windows NT\CurrentVersion\Winlogon,AutoAdminLogon,,,,0,0,#ERROR!,Medium
18.5.2,MSS (Legacy),MSS: (DisableIPSourceRouting IPv6) IP source routing protection level (protects against packet spoofing),Registry,,HKLM:\System\CurrentControlSet\Services\Tcpip6\Parameters,DisableIPSourceRouting,,,,0,2,#ERROR!,Medium
18.5.3,MSS (Legacy),MSS: (DisableIPSourceRouting) IP source routing protection level (protects against packet spoofing),Registry,,HKLM:\System\CurrentControlSet\Services\Tcpip\Parameters,DisableIPSourceRouting,,,,1,2,#ERROR!,Medium
18.5.4,MSS (Legacy),MSS: (DisableSavePassword) Prevent the dial-up password from being saved,Registry,,HKLM:\SYSTEM\CurrentControlSet\Services\RasMan\Parameters,DisableSavePassword,,,,,1,#ERROR!,Medium
18.5.5,MSS (Legacy),MSS: (EnableICMPRedirect) Allow ICMP redirects to override OSPF generated routes,Registry,,HKLM:\System\CurrentControlSet\Services\Tcpip\Parameters,EnableICMPRedirect,,,,1,0,#ERROR!,Medium
18.5.6,MSS (Legacy),MSS: (KeepAliveTime) How often keep-alive packets are sent in milliseconds,Registry,,HKLM:\SYSTEM\CurrentControlSet\Services\Tcpip\Parameters,KeepAliveTime,,,,7200000,300000,<=,Medium
18.5.7,MSS (Legacy),MSS: (NoNameReleaseOnDemand) Allow the computer to ignore NetBIOS name release requests except from WINS servers,Registry,,HKLM:\System\CurrentControlSet\Services\Netbt\Parameters,NoNameReleaseOnDemand,,,,0,1,#ERROR!,Medium
18.5.8,MSS (Legacy),MSS: (PerformRouterDiscovery) Allow IRDP to detect and configure Default Gateway addresses (could lead to DoS),Registry,,HKLM:\SYSTEM\CurrentControlSet\Services\Tcpip\Parameters,PerformRouterDiscovery,,,,0,0,#ERROR!,Medium
18.5.9,MSS (Legacy),MSS: (SafeDllSearchMode) Enable Safe DLL search mode (recommended),Registry,,HKLM:\SYSTEM\CurrentControlSet\Control\Session Manager,SafeDLLSearchMode,,,,0,1,#ERROR!,Medium
18.5.10,MSS (Legacy),MSS: (ScreenSaverGracePeriod) The time in seconds before the screen saver grace period expires (0 recommended),Registry,,HKLM:\SOFTWARE\Microsoft\Windows NT\CurrentVersion\Winlogon,ScreenSaverGracePeriod,,,,5,5,<=,Medium
18.5.11,MSS (Legacy),MSS: (TcpMaxDataRetransmissions IPv6) How many times unacknowledged data is retransmitted,Registry,,HKLM:\System\CurrentControlSet\Services\Tcpip6\Parameters,TcpMaxDataRetransmissions,,,,5,3,<=,Medium
18.5.12,MSS (Legacy),MSS: (TcpMaxDataRetransmissions) How many times unacknowledged data is retransmitted,Registry,,HKLM:\System\CurrentControlSet\Services\Tcpip\Parameters,TcpMaxDataRetransmissions,,,,5,3,<=,Medium
18.5.13,MSS (Legacy),MSS: (WarningLevel) Percentage threshold for the security event log at which the system will generate a warning,Registry,,HKLM:\SYSTEM\CurrentControlSet\Services\Eventlog\Security,WarningLevel,,,,0,90,<=,Medium
18.6.4.1,Administrative Templates: Network,DNS Client: Configure NetBIOS settings,Registry,,HKLM:\Software\Policies\Microsoft\Windows NT\DNSClient,EnableNetbios,,,,,2,#ERROR!,Medium
18.6.4.2,Administrative Templates: Network,DNS Client: Turn off multicast name resolution (LLMNR),Registry,,HKLM:\Software\Policies\Microsoft\Windows NT\DNSClient,EnableMulticast,,,,1,0,#ERROR!,Medium
18.6.5.1,Administrative Templates: Network,Fonts: Enable Font Providers,Registry,,HKLM:\SOFTWARE\Policies\Microsoft\Windows\System,EnableFontProviders,,,,1,0,#ERROR!,Medium
18.6.8.1,Administrative Templates: Network,Lanman Workstation: Enable insecure guest logons,Registry,,HKLM:\Software\Policies\Microsoft\Windows\LanmanWorkstation,AllowInsecureGuestAuth,,,,1,0,#ERROR!,Medium
18.6.9.1.1,Administrative Templates: Network,Link-Layer Topology Discovery: Turn on Mapper I/O (LLTDIO) driver (AllowLLTDIOOndomain),Registry,,HKLM:\Software\Policies\Microsoft\Windows\LLTD,AllowLLTDIOOndomain,,,,0,0,#ERROR!,Medium
18.6.9.1.2,Administrative Templates: Network,Link-Layer Topology Discovery: Turn on Mapper I/O (LLTDIO) driver (AllowLLTDIOOnPublicNet),Registry,,HKLM:\Software\Policies\Microsoft\Windows\LLTD,AllowLLTDIOOnPublicNet,,,,0,0,#ERROR!,Medium
18.6.9.1.3,Administrative Templates: Network,Link-Layer Topology Discovery: Turn on Mapper I/O (LLTDIO) driver (EnableLLTDIO),Registry,,HKLM:\Software\Policies\Microsoft\Windows\LLTD,EnableLLTDIO,,,,0,0,#ERROR!,Medium
18.6.9.1.4,Administrative Templates: Network,Link-Layer Topology Discovery: Turn on Mapper I/O (LLTDIO) driver (ProhibitLLTDIOOnPrivateNet),Registry,,HKLM:\Software\Policies\Microsoft\Windows\LLTD,ProhibitLLTDIOOnPrivateNet,,,,0,0,#ERROR!,Medium
18.6.9.2.1,Administrative Templates: Network,Turn on Responder (RSPNDR) driver (AllowRspndrOnDomain),Registry,,HKLM:\SOFTWARE\Policies\Microsoft\Windows\LLTD,AllowRspndrOnDomain,,,,0,0,#ERROR!,Medium
18.6.9.2.2,Administrative Templates: Network,Turn on Responder (RSPNDR) driver (AllowRspndrOnPublicNet),Registry,,HKLM:\Software\Policies\Microsoft\Windows\LLTD,AllowRspndrOnPublicNet,,,,0,0,#ERROR!,Medium
18.6.9.2.3,Administrative Templates: Network,Turn on Responder (RSPNDR) driver (EnableRspndr),Registry,,HKLM:\Software\Policies\Microsoft\Windows\LLTD,EnableRspndr,,,,0,0,#ERROR!,Medium
18.6.9.2.4,Administrative Templates: Network,Turn on Responder (RSPNDR) driver (ProhibitRspndrOnPrivateNet),Registry,,HKLM:\Software\Policies\Microsoft\Windows\LLTD,ProhibitRspndrOnPrivateNet,,,,0,0,#ERROR!,Medium
18.6.10.2,Administrative Templates: Network,Turn off Microsoft Peer-to-Peer Networking Services,Registry,,HKLM:\Software\policies\Microsoft\Peernet,Disabled,,,,0,1,#ERROR!,Medium
18.6.11.2,Administrative Templates: Network,Network Connections: Prohibit installation and configuration of Network Bridge on your DNS domain network,Registry,,HKLM:\Software\Policies\Microsoft\Windows\Network Connections,NC_AllowNetBridge_NLA,,,,0,0,#ERROR!,Medium
18.6.11.3,Administrative Templates: Network,Network Connections: Prohibit use of Internet Connection Sharing on your DNS domain network,Registry,,HKLM:\Software\Policies\Microsoft\Windows\Network Connections,NC_ShowSharedAccessUI,,,,1,0,#ERROR!,Medium
18.6.11.4,Administrative Templates: Network,Network Connections: Require domain users to elevate when setting a network's location,Registry,,HKLM:\Software\Policies\Microsoft\Windows\Network Connections,NC_StdDomainUserSetLocation,,,,0,1,#ERROR!,Medium
18.6.14.1.1,Administrative Templates: Network,Network Provider: Hardened UNC Paths (NETLOGON),Registry,,HKLM:\Software\Policies\Microsoft\Windows\NetworkProvider\HardenedPaths,\\*\NETLOGON,,,,,"RequireMutualAuthentication=1, RequireIntegrity=1",#ERROR!,Medium
18.6.14.1.2,Administrative Templates: Network,Network Provider: Hardened UNC Paths (SYSVOL),Registry,,HKLM:\Software\Policies\Microsoft\Windows\NetworkProvider\HardenedPaths,\\*\SYSVOL,,,,,"RequireMutualAuthentication=1, RequireIntegrity=1",#ERROR!,Medium
18.6.19.2.1,Administrative Templates: Network,Disable IPv6,Registry,,HKLM:\SYSTEM\CurrentControlSet\Services\TCPIP6\Parameters,DisabledComponents,,,,0,255,#ERROR!,Medium
18.6.20.1.1,Administrative Templates: Network,Windows Connect Now: Configuration of wireless settings using Windows Connect Now (EnableRegistrars),Registry,,HKLM:\SOFTWARE\Policies\Microsoft\Windows\WCN\Registrars,EnableRegistrars,,,,1,0,#ERROR!,Medium
18.6.20.1.2,Administrative Templates: Network,Windows Connect Now: Configuration of wireless settings using Windows Connect Now (DisableUPnPRegistrar),Registry,,HKLM:\SOFTWARE\Policies\Microsoft\Windows\WCN\Registrars,DisableUPnPRegistrar,,,,1,0,#ERROR!,Medium
18.6.20.1.3,Administrative Templates: Network,Windows Connect Now: Configuration of wireless settings using Windows Connect Now (DisableInBand802DOT11Registrar),Registry,,HKLM:\SOFTWARE\Policies\Microsoft\Windows\WCN\Registrars,DisableInBand802DOT11Registrar,,,,1,0,#ERROR!,Medium
18.6.20.1.4,Administrative Templates: Network,Windows Connect Now: Configuration of wireless settings using Windows Connect Now (DisableFlashConfigRegistrar),Registry,,HKLM:\SOFTWARE\Policies\Microsoft\Windows\WCN\Registrars,DisableFlashConfigRegistrar,,,,1,0,#ERROR!,Medium
18.6.20.1.5,Administrative Templates: Network,Windows Connect Now: Configuration of wireless settings using Windows Connect Now (DisableWPDRegistrar),Registry,,HKLM:\SOFTWARE\Policies\Microsoft\Windows\WCN\Registrars,DisableWPDRegistrar,,,,1,0,#ERROR!,Medium
18.6.20.2,Administrative Templates: Network,Windows Connect Now: Prohibit access of the Windows Connect Now wizards,Registry,,HKLM:\SOFTWARE\Policies\Microsoft\Windows\WCN\UI,DisableWcnUi,,,,0,1,#ERROR!,Medium
18.6.21.1,Administrative Templates: Network,Windows Connection Manager: Minimize the number of simultaneous connections to the Internet or a Windows Domain,Registry,,HKLM:\SOFTWARE\Policies\Microsoft\Windows\WcmSvc\GroupPolicy,fMinimizeConnections,,,,1,3,#ERROR!,Medium
18.6.21.2,Administrative Templates: Network,Windows Connection Manager: Prohibit connection to non-domain networks when connected to domain authenticated network,Registry,,HKLM:\Software\Policies\Microsoft\Windows\WcmSvc\GroupPolicy,fBlockNonDomain,,,,0,1,#ERROR!,Medium
18.6.23.2.1,Administrative Templates: Network,"WLAN Settings: Allow Windows to automatically connect to suggested open hotspots, to networks shared by contacts, and to hotspots offering paid services",Registry,,HKLM:\Software\Microsoft\wcmsvc\wifinetworkmanager\config,AutoConnectAllowedOEM,,,,1,0,#ERROR!,Medium
18.7.1,Administrative Templates,Printers: Allow Print Spooler to accept client connections,Registry,,HKLM:\Software\Policies\Microsoft\Windows NT\Printers,RegisterSpoolerRemoteRpcEndPoint,,,,1,2,#ERROR!,Medium
18.7.2,Administrative Templates: Printers,Configure Redirection Guard,Registry,,HKLM:\Software\Policies\Microsoft\Windows NT\Printers,RedirectionGuardPolicy,,,,,1,#ERROR!,Medium
18.7.3,Administrative Templates: Printers,Configure RPC connection settings (RpcUseNamedPipeProtocol),Registry,,HKLM:\Software\Policies\Microsoft\Windows NT\Printers\RPC,RpcUseNamedPipeProtocol,,,,,0,#ERROR!,Medium
18.7.4,Administrative Templates: Printers,Configure RPC connection settings (RpcAuthentication),Registry,,HKLM:\Software\Policies\Microsoft\Windows NT\Printers\RPC,RpcAuthentication,,,,,0,#ERROR!,Medium
18.7.5,Administrative Templates: Printers,Configure RPC listener settings (RpcProtocols),Registry,,HKLM:\Software\Policies\Microsoft\Windows NT\Printers\RPC,RpcProtocols,,,,,5,#ERROR!,Medium
18.7.6,Administrative Templates: Printers,Configure RPC listener settings (ForceKerberosForRpc),Registry,,HKLM:\Software\Policies\Microsoft\Windows NT\Printers\RPC,ForceKerberosForRpc,,,,,0,>=,Medium
18.7.7,Administrative Templates: Printers,Configure RPC over TCP port,Registry,,HKLM:\Software\Policies\Microsoft\Windows NT\Printers\RPC,RpcTcpPort,,,,,0,#ERROR!,Medium
18.7.8,MS Security Guide,Limits print driver installation to Administrators,Registry,,HKLM:\SOFTWARE\Policies\Microsoft\Windows NT\Printers\PointAndPrint,RestrictDriverInstallationToAdministrators,,,,,1,#ERROR!,Medium
18.7.9,Administrative Templates: Printers,Manage processing of Queue-specific files,Registry,,HKLM:\Software\Policies\Microsoft\Windows NT\Printers,CopyFilesPolicy,,,,,1,#ERROR!,Medium
18.7.10,Administrative Templates,Printers: Point and Print Restrictions: When installing drivers for a new connection,Registry,,HKLM:\Software\Policies\Microsoft\Windows NT\Printers\PointAndPrint,NoWarningNoElevationOnInstall,,,,0,0,#ERROR!,Medium
18.7.11,Administrative Templates,Printers: Point and Print Restrictions: When updating drivers for an existing connection,Registry,,HKLM:\Software\Policies\Microsoft\Windows NT\Printers\PointAndPrint,UpdatePromptSettings,,,,0,0,#ERROR!,Medium
18.8.1.1,Administrative Templates: Start Menu and Taskbar,Notifications: Turn off notifications network usage,Registry,,HKLM:\SOFTWARE\Policies\Microsoft\Windows\CurrentVersion\PushNotifications,NoCloudApplicationNotification,,,,0,1,#ERROR!,Medium
18.9.3.1,Administrative Templates: System,Audit Process Creation: Include command line in process creation events,Registry,,HKLM:\SOFTWARE\Microsoft\Windows\CurrentVersion\Policies\System\Audit,ProcessCreationIncludeCmdLine_Enabled,,,,0,1,#ERROR!,Medium
18.9.4.1,Administrative Templates: System,Credentials Delegation: Encryption Oracle Remediation,Registry,,HKLM:\SOFTWARE\Microsoft\Windows\CurrentVersion\Policies\System\CredSSP\Parameters,AllowEncryptionOracle,,,,0,0,#ERROR!,Medium
18.9.4.2,Administrative Templates: System,Credentials Delegation: Remote host allows delegation of non-exportable credentials,Registry,,HKLM:\Software\Policies\Microsoft\Windows\CredentialsDelegation,AllowProtectedCreds,,,,0,1,#ERROR!,Medium
18.9.5.1,Administrative Templates: System,Device Guard: Turn On Virtualization Based Security (Policy),Registry,,HKLM:\SOFTWARE\Policies\Microsoft\Windows\DeviceGuard,EnableVirtualizationBasedSecurity,,,,,1,#ERROR!,Medium
18.9.5.2,Administrative Templates: System,Device Guard: Select Platform Security Level (Policy),Registry,,HKLM:\SOFTWARE\Policies\Microsoft\Windows\DeviceGuard,RequirePlatformSecurityFeatures,,,,,3,#ERROR!,Medium
18.9.5.3,Administrative Templates: System,Device Guard: Virtualization Based Protection of Code Integrity (Policy),Registry,,HKLM:\SOFTWARE\Policies\Microsoft\Windows\DeviceGuard,HypervisorEnforcedCodeIntegrity,,,,,1,#ERROR!,Medium
18.9.5.4,Administrative Templates: System,Device Guard: Require UEFI Memory Attributes Table (Policy),Registry,,HKLM:\SOFTWARE\Policies\Microsoft\Windows\DeviceGuard,HVCIMATRequired,,,,,1,#ERROR!,Medium
18.9.5.5,Administrative Templates: System,Device Guard: Credential Guard Configuration (Policy),Registry,,HKLM:\SOFTWARE\Policies\Microsoft\Windows\DeviceGuard,LsaCfgFlags,,,,,1,#ERROR!,Medium
18.9.5.6,Administrative Templates: System,Device Guard: Secure Launch Configuration (Policy),Registry,,HKLM:\SOFTWARE\Policies\Microsoft\Windows\DeviceGuard,ConfigureSystemGuardLaunch,,,,0,1,#ERROR!,Medium
18.9.7.1.1,Administrative Templates: System,Device Installation: Device Installation Restrictions: Prevent installation of devices that match an ID,Registry,,HKLM:\Software\Policies\Microsoft\Windows\DeviceInstall\Restrictions,DenyDeviceIDs,,,,0,1,#ERROR!,Medium
18.9.7.1.2,Administrative Templates: System,Device Installation: Device Installation Restrictions: Prevent installation of devices that match ID PCI\CC_0C0A (Thunderbolt),RegistryList,,HKLM:\SOFTWARE\Policies\Microsoft\Windows\DeviceInstall\Restrictions\DenyDeviceIDs,PCI\CC_0C0A,,,,0,PCI\CC_0C0A,#ERROR!,Medium
18.9.7.1.3,Administrative Templates: System,Device Installation: Device Installation Restrictions: Prevent installation of devices that match an ID (Retroactive),Registry,,HKLM:\Software\Policies\Microsoft\Windows\DeviceInstall\Restrictions,DenyDeviceIDsRetroactive,,,,0,1,#ERROR!,Medium
18.9.7.1.4,Administrative Templates: System,Device Installation: Device Installation Restrictions: Prevent installation of devices using drivers that match an device setup class,Registry,,HKLM:\Software\Policies\Microsoft\Windows\DeviceInstall\Restrictions,DenyDeviceClasses,,,,0,1,#ERROR!,Medium
189.7.1.5.1,Administrative Templates: System,Device Installation: Device Installation Restrictions: Prevent installation of devices using drivers that match d48179be-ec20-11d1-b6b8-00c04fa372a7 (SBP-2 drive),RegistryList,,HKLM:\SOFTWARE\Policies\Microsoft\Windows\DeviceInstall\Restrictions\DenyDeviceClasses,d48179be-ec20-11d1-b6b8-00c04fa372a7,,,,0,d48179be-ec20-11d1-b6b8-00c04fa372a7,#ERROR!,Medium
18.9.7.1.5.2,Administrative Templates: System,Device Installation: Device Installation Restrictions: Prevent installation of devices using drivers that match 7ebefbc0-3200-11d2-b4c2-00a0C9697d07 (SBP-2 drive),RegistryList,,HKLM:\SOFTWARE\Policies\Microsoft\Windows\DeviceInstall\Restrictions\DenyDeviceClasses,7ebefbc0-3200-11d2-b4c2-00a0C9697d07,,,,0,7ebefbc0-3200-11d2-b4c2-00a0C9697d07,#ERROR!,Medium
18.9.7.1.5.3,Administrative Templates: System,Device Installation: Device Installation Restrictions: Prevent installation of devices using drivers that match c06ff265-ae09-48f0-812c-16753d7cba83 (SBP-2 drive),RegistryList,,HKLM:\SOFTWARE\Policies\Microsoft\Windows\DeviceInstall\Restrictions\DenyDeviceClasses,c06ff265-ae09-48f0-812c-16753d7cba83,,,,0,c06ff265-ae09-48f0-812c-16753d7cba83,#ERROR!,Medium
18.9.7.1.5.4,Administrative Templates: System,Device Installation: Device Installation Restrictions: Prevent installation of devices using drivers that match 6bdd1fc1-810f-11d0-bec7-08002be2092f (SBP-2 drive),RegistryList,,HKLM:\SOFTWARE\Policies\Microsoft\Windows\DeviceInstall\Restrictions\DenyDeviceClasses,6bdd1fc1-810f-11d0-bec7-08002be2092f,,,,0,6bdd1fc1-810f-11d0-bec7-08002be2092f,#ERROR!,Medium
18.9.7.1.6,Administrative Templates: System,Device Installation: Device Installation Restrictions: Prevent installation of devices using drivers that match an device setup class (Retroactive),Registry,,HKLM:\Software\Policies\Microsoft\Windows\DeviceInstall\Restrictions,DenyDeviceClassesRetroactive,,,,0,1,#ERROR!,Medium
18.9.7.2,Administrative Templates: System,Device Installation: Device Installation Restrictions: Prevent device metadata retrieval from the Internet,Registry,,HKLM:\SOFTWARE\Policies\Microsoft\Windows\Device Metadata,PreventDeviceMetadataFromNetwork,,,,,1,#ERROR!,Medium
18.9.13.1,Administrative Templates: System,Early Launch Antimalware: Boot-Start Driver Initialization Policy,Registry,,HKLM:\System\CurrentControlSet\Policies\EarlyLaunch,DriverLoadPolicy,,,,0,3,#ERROR!,Medium
18.9.19.2,Administrative Templates: System,Group Policy: Do not apply during periodic background processing,Registry,,HKLM:\Software\Policies\Microsoft\Windows\Group Policy\{35378EAC-683F-11D2-A89A-00C04FBBCFA2},NoGPOListChanges,,,,0,0,#ERROR!,Medium
18.9.19.3,Administrative Templates: System,Group Policy: Process even if the Group Policy objects have not changed,Registry,,HKLM:\Software\Policies\Microsoft\Windows\Group Policy\{35378EAC-683F-11D2-A89A-00C04FBBCFA2},NoBackgroundPolicy,,,,1,0,#ERROR!,Medium
18.9.19.4,Administrative Templates: System,Group Policy: Continue experiences on this device,Registry,,HKLM:\SOFTWARE\Policies\Microsoft\Windows\System,EnableCdp,,,,1,0,#ERROR!,Medium
18.9.19.5,Administrative Templates: System,Group Policy: Turn off background refresh of Group Policy,Registry,,HKLM:\SOFTWARE\Microsoft\Windows\CurrentVersion\Policies\System,DisableBkGndGroupPolicy,,,,0,0,#ERROR!,Medium
18.9.20.1.1,Administrative Templates: System,Internet Communication Management: Internet Communication settings: Turn off access to the Store,Registry,,HKLM:\Software\Policies\Microsoft\Windows\Explorer,NoUseStoreOpenWith,,,,0,1,#ERROR!,Medium
18.9.20.1.2,Administrative Templates: System,Internet Communication Management: Internet Communication settings: Turn off downloading of print drivers over HTTP,Registry,,HKLM:\Software\Policies\Microsoft\Windows NT\Printers,DisableWebPnPDownload,,,,0,1,#ERROR!,Medium
18.9.20.1.3,Administrative Templates: System,Internet Communication Management: Internet Communication settings: Turn off handwriting personalization data sharing,Registry,,HKLM:\SOFTWARE\Policies\Microsoft\Windows\TabletPC,PreventHandwritingDataSharing,,,,0,1,#ERROR!,Medium
18.9.20.1.4,Administrative Templates: System,Internet Communication Management: Internet Communication settings: Turn off handwriting recognition error reporting,Registry,,HKLM:\SOFTWARE\Policies\Microsoft\Windows\HandwritingErrorReports,PreventHandwritingErrorReports,,,,0,1,#ERROR!,Medium
18.9.20.1.5,Administrative Templates: System,Internet Communication Management: Internet Communication settings: Turn off Internet Connection Wizard if URL connection is referring to Microsoft.com,Registry,,HKLM:\SOFTWARE\Policies\Microsoft\Windows\Internet Connection Wizard,ExitOnMSICW,,,,0,1,#ERROR!,Medium
18.9.20.1.6,Administrative Templates: System,Internet Communication Management: Internet Communication settings: Turn off Internet download for Web publishing and online ordering wizards,Registry,,HKLM:\Software\Microsoft\Windows\CurrentVersion\Policies\Explorer,NoWebServices,,,,0,1,#ERROR!,Medium
18.9.20.1.7,Administrative Templates: System,Internet Communication Management: Internet Communication settings: Turn off printing over HTTP,Registry,,HKLM:\SOFTWARE\Policies\Microsoft\Windows NT\Printers,DisableHTTPPrinting,,,,0,1,#ERROR!,Medium
18.9.20.1.8,Administrative Templates: System,Internet Communication Management: Internet Communication settings: Turn off Registration if URL connection is referring to Microsoft.com,Registry,,HKLM:\SOFTWARE\Policies\Microsoft\Windows\Registration Wizard Control,NoRegistration,,,,0,1,#ERROR!,Medium
18.9.20.1.9,Administrative Templates: System,Internet Communication Management: Internet Communication settings: Turn off Search Companion content file updates,Registry,,HKLM:\SOFTWARE\Policies\Microsoft\SearchCompanion,DisableContentFileUpdates,,,,0,1,#ERROR!,Medium
18.9.20.1.10,Administrative Templates: System,Internet Communication Management: Internet Communication settings: Turn off the 'Order Prints' picture task,Registry,,HKLM:\SOFTWARE\Microsoft\Windows\CurrentVersion\Policies\Explorer,NoOnlinePrintsWizard,,,,0,1,#ERROR!,Medium
18.9.20.1.11,Administrative Templates: System,Internet Communication Management: Internet Communication settings: Turn off the 'Publish to Web' task for files and folders,Registry,,HKLM:\SOFTWARE\Microsoft\Windows\CurrentVersion\Policies\Explorer,NoPublishingWizard,,,,0,1,#ERROR!,Medium
18.9.20.1.12,Administrative Templates: System,Internet Communication Management: Internet Communication settings: Turn off the Windows Messenger Customer Experience Improvement Program,Registry,,HKLM:\Software\Policies\Microsoft\Messenger\Client,CEIP,,,,0,2,#ERROR!,Medium
18.9.20.1.13,Administrative Templates: System,Internet Communication Management: Internet Communication settings: Turn off Windows Customer Experience Improvement Program,Registry,,HKLM:\Software\Policies\Microsoft\SQMClient\Windows,CEIPEnable,,,,1,0,#ERROR!,Medium
18.9.20.1.14.1,Administrative Templates: System,Internet Communication Management: Internet Communication settings: Turn off Windows Error Reporting 1,Registry,,HKLM:\Software\Policies\Microsoft\PCHealth\ErrorReporting,DoReport,,,,1,0,#ERROR!,Medium
18.9.20.1.14.2,Administrative Templates: System,Internet Communication Management: Internet Communication settings: Turn off Windows Error Reporting 2,Registry,,HKLM:\Software\Policies\Microsoft\Windows\Windows Error Reporting,Disabled,,,,0,1,#ERROR!,Medium
18.9.23.1.1,Administrative Templates: System,Kerberos: Support device authentication using certificate (DevicePKInitBehavior),Registry,,HKLM:\SOFTWARE\Microsoft\Windows\CurrentVersion\Policies\System\kerberos\parameters,DevicePKInitBehavior,,,,1,0,#ERROR!,Medium
18.9.23.1.2,Administrative Templates: System,Kerberos: Support device authentication using certificate (DevicePKInitEnabled),Registry,,HKLM:\SOFTWARE\Microsoft\Windows\CurrentVersion\Policies\System\kerberos\parameters,DevicePKInitEnabled,,,,1,1,#ERROR!,Medium
18.9.24.1,Administrative Templates: System,Kernel DMA Protection: Enumeration policy for external devices incompatible with Kernel DMA Protection,Registry,,HKLM:\SOFTWARE\Policies\Microsoft\Windows\Kernel DMA Protection,DeviceEnumerationPolicy,,,,2,0,#ERROR!,Medium
18.9.25.1,Administrative Templates: System,Local Security Authority: Allow Custom SSPs and APs to be loaded into LSASS,Registry,,HKLM:\Software\Policies\Microsoft\Windows\System,AllowCustomSSPsAPs,,,,,0,#ERROR!,Medium
18.9.25.2,Administrative Templates: System,Local Security Authority: Configures LSASS to run as a protected process,Registry,,HKLM:\System\CurrentControlSet\Control\Lsa,RunAsPPL,,,,,1,#ERROR!,Medium
18.9.26.1,Administrative Templates: System,Locale Services: Disallow copying of user input methods to the system account for sign-in,Registry,,HKLM:\SOFTWARE\Policies\Microsoft\Control Panel\International,BlockUserInputMethodsForSignIn,,,,0,1,#ERROR!,Medium
18.9.27.1,Administrative Templates: System,Logon: Block user from showing account details on sign-in,Registry,,HKLM:\SOFTWARE\Policies\Microsoft\Windows\System,BlockUserFromShowingAccountDetailsOnSignin,,,,0,1,#ERROR!,Medium
18.9.27.2,Administrative Templates: System,Logon: Do not display network selection UI,Registry,,HKLM:\Software\Policies\Microsoft\Windows\System,DontDisplayNetworkSelectionUI,,,,0,1,#ERROR!,Medium
18.9.27.3,Administrative Templates: System,Logon: Do not enumerate connected users on domain-joined computers,Registry,,HKLM:\SOFTWARE\Policies\Microsoft\Windows\System,DontEnumerateConnectedUsers,,,,0,1,#ERROR!,Medium
18.9.27.4,Administrative Templates: System,Logon: Enumerate local users on domain-joined computers,Registry,,HKLM:\Software\Policies\Microsoft\Windows\System,EnumerateLocalUsers,,,,0,0,#ERROR!,Medium
18.9.27.5,Administrative Templates: System,Logon: Turn off app notifications on the lock screen,Registry,,HKLM:\Software\Policies\Microsoft\Windows\System,DisableLockScreenAppNotifications,,,,0,1,#ERROR!,Medium
18.9.27.6,Administrative Templates: System,Logon: Turn off picture password sign-in,Registry,,HKLM:\SOFTWARE\Policies\Microsoft\Windows\System,BlockDomainPicturePassword,,,,0,1,#ERROR!,Medium
18.9.27.7,Administrative Templates: System,Logon: Turn on convenience PIN sign-in,Registry,,HKLM:\Software\Policies\Microsoft\Windows\System,AllowDomainPINLogon,,,,1,0,#ERROR!,Medium
18.9.30.1,Administrative Templates: System,OS Policies: Allow Clipboard synchronization across devices,Registry,,HKLM:\SOFTWARE\Policies\Microsoft\Windows\System,AllowCrossDeviceClipboard,,,,1,0,#ERROR!,Medium
18.9.30.2,Administrative Templates: System,OS Policies: Allow upload of User Activities,Registry,,HKLM:\SOFTWARE\Policies\Microsoft\Windows\System,UploadUserActivities,,,,1,0,#ERROR!,Medium
18.9.32.6.1,Administrative Templates: System,Sleep Settings: Allow network connectivity during connected-standby (on battery),Registry,,HKLM:\SOFTWARE\Policies\Microsoft\Power\PowerSettings\f15576e8-98b7-4186-b944-eafa664402d9,DCSettingIndex,,,,1,0,#ERROR!,Medium
18.9.32.6.2,Administrative Templates: System,Sleep Settings: Allow network connectivity during connected-standby (plugged in),Registry,,HKLM:\SOFTWARE\Policies\Microsoft\Power\PowerSettings\f15576e8-98b7-4186-b944-eafa664402d9,ACSettingIndex,,,,1,0,#ERROR!,Medium
18.9.32.6.3,Administrative Templates: System,Sleep Settings: Allow standby states (S1-S3) when sleeping (on battery),Registry,,HKLM:\Software\Policies\Microsoft\Power\PowerSettings\abfc2519-3608-4c2a-94ea-171b0ed546ab,DCSettingIndex,,,,1,0,#ERROR!,Medium
18.9.32.6.4,Administrative Templates: System,Sleep Settings: Allow standby states (S1-S3) when sleeping (plugged in),Registry,,HKLM:\Software\Policies\Microsoft\Power\PowerSettings\abfc2519-3608-4c2a-94ea-171b0ed546ab,ACSettingIndex,,,,1,0,#ERROR!,Medium
18.9.32.6.5,Administrative Templates: System,Sleep Settings: Require a password when a computer wakes (on battery),Registry,,HKLM:\Software\Policies\Microsoft\Power\PowerSettings\0e796bdb-100d-47d6-a2d5-f7d2daa51f51,DCSettingIndex,,,,0,1,#ERROR!,Medium
18.9.32.6.6,Administrative Templates: System,Sleep Settings: Require a password when a computer wakes (plugged in),Registry,,HKLM:\Software\Policies\Microsoft\Power\PowerSettings\0e796bdb-100d-47d6-a2d5-f7d2daa51f51,ACSettingIndex,,,,0,1,#ERROR!,Medium
18.9.34.1,Administrative Templates: System,Remote Assistance: Configure Offer Remote Assistance,Registry,,HKLM:\Software\policies\Microsoft\Windows NT\Terminal Services,fAllowUnsolicited,,,,1,0,#ERROR!,Medium
18.9.34.2,Administrative Templates: System,Remote Assistance: Configure Solicited Remote Assistance,Registry,,HKLM:\Software\policies\Microsoft\Windows NT\Terminal Services,fAllowToGetHelp,,,,1,0,#ERROR!,Medium
18.9.35.1,Administrative Templates: System,Remote Procedure Call: Enable RPC Endpoint Mapper Client Authentication,Registry,,HKLM:\Software\Policies\Microsoft\Windows NT\Rpc,EnableAuthEpResolution,,,,0,1,#ERROR!,Medium
18.9.35.2,Administrative Templates: System,Remote Procedure Call: Restrict Unauthenticated RPC clients,Registry,,HKLM:\Software\Policies\Microsoft\Windows NT\Rpc,RestrictRemoteClients,,,,0,1,#ERROR!,Medium
18.9.46.5.1,Administrative Templates: System,Troubleshooting and Diagnostics: Microsoft Support Diagnostic Tool: Turn on MSDT interactive communication with support provider,Registry,,HKLM:\SOFTWARE\Policies\Microsoft\Windows\ScriptedDiagnosticsProvider\Policy,DisableQueryRemoteServer,,,,1,0,#ERROR!,Medium
18.9.46.11.1,Administrative Templates: System,Windows Performance PerfTrack: Enable/Disable PerfTrack,Registry,,HKLM:\SOFTWARE\Policies\Microsoft\Windows\WDI\{9c5a40da-b965-4fc3-8781-88dd50a6299d},ScenarioExecutionEnabled,,,,1,0,#ERROR!,Medium
18.9.48.1,Administrative Templates: System,User Profiles: Turn off the advertising ID,Registry,,HKLM:\SOFTWARE\Policies\Microsoft\Windows\AdvertisingInfo,DisabledByGroupPolicy,,,,0,1,#ERROR!,Medium
18.9.50.1.1,Administrative Templates: System,Time Providers: Enable Windows NTP Client,Registry,,HKLM:\Software\Policies\Microsoft\W32time\TimeProviders\NtpClient,Enabled,,,,0,1,#ERROR!,Medium
18.9.50.1.2,Administrative Templates: System,Time Providers: Enable Windows NTP Server,Registry,,HKLM:\Software\Policies\Microsoft\W32time\TimeProviders\NtpServer,Enabled,,,,0,0,#ERROR!,Medium
18.10.3.1,Administrative Templates: Windows Components,App Package Deployment: Allow a Windows app to share application data between users,Registry,,HKLM:\Software\Policies\Microsoft\Windows\CurrentVersion\AppModel\StateManager,AllowSharedLocalAppData,,,,1,0,#ERROR!,Medium
18.10.3.2,Administrative Templates: Windows Components,App Package Deployment: Prevent non-admin users from installing packaged Windows apps,Registry,,HKLM:\SOFTWARE\Policies\Microsoft\Windows\Appx,BlockNonAdminUserInstall,,,,0,1,#ERROR!,Medium
18.10.4.1,Administrative Templates: Windows Components,App Privacy: Let Windows apps activate with voice while the system is locked,Registry,,HKLM:\SOFTWARE\Policies\Microsoft\Windows\AppPrivacy,LetAppsActivateWithVoiceAboveLock,,,,0,2,#ERROR!,Medium
18.10.5.1,Administrative Templates: Windows Components,App runtime: Allow Microsoft accounts to be optional,Registry,,HKLM:\Software\Microsoft\Windows\CurrentVersion\Policies\System,MSAOptional,,,,0,1,#ERROR!,Medium
18.10.5.2,Administrative Templates: Windows Components,App runtime: Block launching Universal Windows apps with Windows Runtime API access from hosted content,Registry,,HKLM:\SOFTWARE\Microsoft\Windows\CurrentVersion\Policies\System,BlockHostedAppAccessWinRT,,,,0,1,#ERROR!,Medium
18.10.7.1,Administrative Templates: Windows Components,AutoPlay Policies: Disallow Autoplay for non-volume devices,Registry,,HKLM:\Software\Policies\Microsoft\Windows\Explorer,NoAutoplayfornonVolume,,,,0,1,#ERROR!,Medium
18.10.7.2,Administrative Templates: Windows Components,AutoPlay Policies: Set the default behavior for AutoRun,Registry,,HKLM:\Software\Microsoft\Windows\CurrentVersion\Policies\Explorer,NoAutorun,,,,0,1,#ERROR!,Medium
18.10.7.3,Administrative Templates: Windows Components,AutoPlay Policies: Turn off Autoplay,Registry,,HKLM:\Software\Microsoft\Windows\CurrentVersion\Policies\Explorer,NoDriveTypeAutoRun,,,,0,255,#ERROR!,Medium
18.10.8.1.1,Administrative Templates: Windows Components,Biometrics: Facial Features: Configure enhanced anti-spoofing,Registry,,HKLM:\SOFTWARE\Policies\Microsoft\Biometrics\FacialFeatures,EnhancedAntiSpoofing,,,,,1,#ERROR!,Medium
18.10.9.1.1,Administrative Templates: Windows Components,BitLocker Drive Encryption: Fixed Data Drives: Allow access to BitLocker-protected fixed data drives from earlier versions of Windows,Registry,,HKLM:\SOFTWARE\Policies\Microsoft\FVE,FDVDiscoveryVolumeType,,,,,<none>,#ERROR!,Medium
18.10.9.1.2,Administrative Templates: Windows Components,BitLocker Drive Encryption: Fixed Data Drives: Choose how BitLocker-protected fixed drives can be recovered,Registry,,HKLM:\SOFTWARE\Policies\Microsoft\FVE,FDVRecovery,,,,0,1,#ERROR!,Medium
18.10.9.1.3,Administrative Templates: Windows Components,BitLocker Drive Encryption: Fixed Data Drives: Choose how BitLocker-protected fixed drives can be recovered: Allow data recovery agent,Registry,,HKLM:\SOFTWARE\Policies\Microsoft\FVE,FDVManageDRA,,,,1,1,#ERROR!,Medium
18.10.9.1.4,Administrative Templates: Windows Components,BitLocker Drive Encryption: Fixed Data Drives: Choose how BitLocker-protected fixed drives can be recovered: Recovery Password,Registry,,HKLM:\SOFTWARE\Policies\Microsoft\FVE,FDVRecoveryPassword,,,,,2,#ERROR!,Medium
18.10.9.1.5,Administrative Templates: Windows Components,BitLocker Drive Encryption: Fixed Data Drives: Choose how BitLocker-protected fixed drives can be recovered: Recovery Key,Registry,,HKLM:\SOFTWARE\Policies\Microsoft\FVE,FDVRecoveryKey,,,,,2,#ERROR!,Medium
18.10.9.1.6,Administrative Templates: Windows Components,BitLocker Drive Encryption: Fixed Data Drives: Choose how BitLocker-protected fixed drives can be recovered: Omit recovery options from the BitLocker setup wizard,Registry,,HKLM:\SOFTWARE\Policies\Microsoft\FVE,FDVHideRecoveryPage,,,,,1,#ERROR!,Medium
18.10.9.1.7,Administrative Templates: Windows Components,BitLocker Drive Encryption: Fixed Data Drives: Choose how BitLocker-protected fixed drives can be recovered: Save BitLocker recovery information to AD DS for fixed data drives,Registry,,HKLM:\SOFTWARE\Policies\Microsoft\FVE,FDVActiveDirectoryBackup,,,,,0,#ERROR!,Medium
18.10.9.1.8,Administrative Templates: Windows Components,BitLocker Drive Encryption: Fixed Data Drives: Choose how BitLocker-protected fixed drives can be recovered: Configure storage of BitLocker recovery information to AD DS,Registry,,HKLM:\SOFTWARE\Policies\Microsoft\FVE,FDVActiveDirectoryInfoToStore,,,,,1,#ERROR!,Medium
18.10.9.1.9,Administrative Templates: Windows Components,BitLocker Drive Encryption: Fixed Data Drives: Choose how BitLocker-protected fixed drives can be recovered: Do not enable BitLocker until recovery information is stored to AD DS for fixed data drives,Registry,,HKLM:\SOFTWARE\Policies\Microsoft\FVE,FDVRequireActiveDirectoryBackup,,,,,0,#ERROR!,Medium
18.10.9.1.10,Administrative Templates: Windows Components,BitLocker Drive Encryption: Fixed Data Drives: Configure use of hardware-based encryption for fixed data drives,Registry,,HKLM:\SOFTWARE\Policies\Microsoft\FVE,FDVHardwareEncryption,,,,,0,#ERROR!,Medium
18.10.9.1.11,Administrative Templates: Windows Components,BitLocker Drive Encryption: Fixed Data Drives: Configure use of passwords for fixed data drives,Registry,,HKLM:\SOFTWARE\Policies\Microsoft\FVE,FDVPassphrase,,,,0,0,#ERROR!,Medium
18.10.9.1.12,Administrative Templates: Windows Components,BitLocker Drive Encryption: Fixed Data Drives: Configure use of smart cards on fixed data drives,Registry,,HKLM:\SOFTWARE\Policies\Microsoft\FVE,FDVAllowUserCert,,,,,1,#ERROR!,Medium
18.10.9.1.13,Administrative Templates: Windows Components,BitLocker Drive Encryption: Fixed Data Drives: Configure use of smart cards on fixed data drives: Require use of smart cards on fixed data drives,Registry,,HKLM:\SOFTWARE\Policies\Microsoft\FVE,FDVEnforceUserCert,,,,0,1,#ERROR!,Medium
18.10.9.2.1,Administrative Templates: Windows Components,BitLocker Drive Encryption: Operating System Drives: Allow enhanced PINs for startup,Registry,,HKLM:\Software\Policies\Microsoft\FVE,UseEnhancedPin,,,,0,1,#ERROR!,Medium
18.10.9.2.2,Administrative Templates: Windows Components,BitLocker Drive Encryption: Operating System Drives: Allow Secure Boot for integrity validation,Registry,,HKLM:\Software\Policies\Microsoft\FVE,OSAllowSecureBootForIntegrity,,,,0,1,#ERROR!,Medium
18.10.9.2.3,Administrative Templates: Windows Components,BitLocker Drive Encryption: Operating System Drives: Choose how BitLocker-protected operating system drives can be recovered,Registry,,HKLM:\Software\Policies\Microsoft\FVE,OSRecovery,,,,0,1,#ERROR!,Medium
18.10.9.2.4,Administrative Templates: Windows Components,BitLocker Drive Encryption: Operating System Drives: Choose how BitLocker-protected operating system drives can be recovered: Allow data recovery agent,Registry,,HKLM:\Software\Policies\Microsoft\FVE,OSManageDRA,,,,1,0,#ERROR!,Medium
18.10.9.2.5,Administrative Templates: Windows Components,BitLocker Drive Encryption: Operating System Drives: Choose how BitLocker-protected operating system drives can be recovered: Recovery Password,Registry,,HKLM:\Software\Policies\Microsoft\FVE,OSRecoveryPassword,,,,,1,#ERROR!,Medium
18.10.9.2.6,Administrative Templates: Windows Components,BitLocker Drive Encryption: Operating System Drives: Choose how BitLocker-protected operating system drives can be recovered: Recovery Key,Registry,,HKLM:\Software\Policies\Microsoft\FVE,OSRecoveryKey,,,,1,0,#ERROR!,Medium
18.10.9.2.7,Administrative Templates: Windows Components,BitLocker Drive Encryption: Operating System Drives: Choose how BitLocker-protected operating system drives can be recovered: Omit recovery options from the BitLocker setup wizard,Registry,,HKLM:\Software\Policies\Microsoft\FVE,OSHideRecoveryPage,,,,0,1,#ERROR!,Medium
18.10.9.2.8,Administrative Templates: Windows Components,BitLocker Drive Encryption: Operating System Drives: Choose how BitLocker-protected operating system drives can be recovered: Save BitLocker recovery information to AD DS for operating system drives,Registry,,HKLM:\Software\Policies\Microsoft\FVE,OSActiveDirectoryBackup,,,,0,1,#ERROR!,Medium
18.10.9.2.9,Administrative Templates: Windows Components,BitLocker Drive Encryption: Operating System Drives: Choose how BitLocker-protected operating system drives can be recovered: Configure storage of BitLocker recovery information to AD DS,Registry,,HKLM:\Software\Policies\Microsoft\FVE,OSActiveDirectoryInfoToStore,,,,0,1,#ERROR!,Medium
18.10.9.2.10,Administrative Templates: Windows Components,BitLocker Drive Encryption: Operating System Drives: Choose how BitLocker-protected operating system drives can be recovered: Do not enable BitLocker until recovery information is stored to AD DS for operating system drives,Registry,,HKLM:\Software\Policies\Microsoft\FVE,OSRequireActiveDirectoryBackup,,,,0,1,#ERROR!,Medium
18.10.9.2.11,Administrative Templates: Windows Components,BitLocker Drive Encryption: Operating System Drives: Configure use of hardware-based encryption for operating system drives: Restrict crypto algorithms or cipher suites,Registry,,HKLM:\Software\Policies\Microsoft\FVE,OSAllowedHardwareEncryptionAlgorithms,,,,,2.16.840.1.101.3.4.1.2;2.16.840.1.101.3.4.1.42,#ERROR!,Medium
18.10.9.2.12,Administrative Templates: Windows Components,BitLocker Drive Encryption: Operating System Drives: Configure use of passwords for operating system drives,Registry,,HKLM:\Software\Policies\Microsoft\FVE,OSPassphrase,,,,,0,#ERROR!,Medium
18.10.9.2.13,Administrative Templates: Windows Components,BitLocker Drive Encryption: Operating System Drives: Require additional authentication at startup,Registry,,HKLM:\Software\Policies\Microsoft\FVE,UseAdvancedStartup,,,,0,1,#ERROR!,Medium
18.10.9.2.14,Administrative Templates: Windows Components,BitLocker Drive Encryption: Operating System Drives: Require additional authentication at startup: Allow BitLocker without a compatible TPM,Registry,,HKLM:\Software\Policies\Microsoft\FVE,EnableBDEWithNoTPM,,,,1,0,#ERROR!,Medium
18.10.9.3.1,Administrative Templates: Windows Components,BitLocker Drive Encryption: Removable Data Drives: Allow access to BitLocker-protected removable data drives from earlier versions of Windows,Registry,,HKLM:\Software\Policies\Microsoft\FVE,RDVDiscoveryVolumeType,,,,,<none>,#ERROR!,Medium
18.10.9.3.2,Administrative Templates: Windows Components,BitLocker Drive Encryption: Removable Data Drives: Choose how BitLocker-protected removable drives can be recovered,Registry,,HKLM:\Software\Policies\Microsoft\FVE,RDVRecovery,,,,0,1,#ERROR!,Medium
18.10.9.3.3,Administrative Templates: Windows Components,BitLocker Drive Encryption: Removable Data Drives: Choose how BitLocker-protected removable drives can be recovered: Allow data recovery agent,Registry,,HKLM:\Software\Policies\Microsoft\FVE,RDVManageDRA,,,,,1,#ERROR!,Medium
18.10.9.3.4,Administrative Templates: Windows Components,BitLocker Drive Encryption: Removable Data Drives: Choose how BitLocker-protected removable drives can be recovered: Recovery Password,Registry,,HKLM:\Software\Policies\Microsoft\FVE,RDVRecoveryPassword,,,,,0,#ERROR!,Medium
18.10.9.3.5,Administrative Templates: Windows Components,BitLocker Drive Encryption: Removable Data Drives: Choose how BitLocker-protected removable drives can be recovered: Recovery Key,Registry,,HKLM:\Software\Policies\Microsoft\FVE,RDVRecoveryKey,,,,,0,#ERROR!,Medium
18.10.9.3.6,Administrative Templates: Windows Components,BitLocker Drive Encryption: Removable Data Drives: Choose how BitLocker-protected removable drives can be recovered: Omit recovery options from the BitLocker setup wizard,Registry,,HKLM:\Software\Policies\Microsoft\FVE,RDVHideRecoveryPage,,,,,1,#ERROR!,Medium
18.10.9.3.7,Administrative Templates: Windows Components,BitLocker Drive Encryption: Removable Data Drives: Choose how BitLocker-protected removable drives can be recovered: Save BitLocker recovery information to AD DS for removable data drives,Registry,,HKLM:\Software\Policies\Microsoft\FVE,RDVActiveDirectoryBackup,,,,,0,#ERROR!,Medium
18.10.9.3.8,Administrative Templates: Windows Components,BitLocker Drive Encryption: Removable Data Drives: Choose how BitLocker-protected removable drives can be recovered: Configure storage of BitLocker recovery information to AD DS,Registry,,HKLM:\Software\Policies\Microsoft\FVE,RDVActiveDirectoryInfoToStore,,,,,1,#ERROR!,Medium
18.10.9.3.9,Administrative Templates: Windows Components,BitLocker Drive Encryption: Removable Data Drives: Choose how BitLocker-protected removable drives can be recovered: Choose how BitLocker-protected removable drives can be recovered: Do not enable BitLocker until recovery information is stored to AD DS for removable data drives,Registry,,HKLM:\Software\Policies\Microsoft\FVE,RDVRequireActiveDirectoryBackup,,,,,0,#ERROR!,Medium
18.10.9.3.10,Administrative Templates: Windows Components,BitLocker Drive Encryption: Removable Data Drives: Configure use of hardware-based encryption for removable data drives,Registry,,HKLM:\Software\Policies\Microsoft\FVE,RDVHardwareEncryption,,,,,1,#ERROR!,Medium
18.10.9.3.11,Administrative Templates: Windows Components,BitLocker Drive Encryption: Removable Data Drives: Configure use of passwords for removable data drives,Registry,,HKLM:\Software\Policies\Microsoft\FVE,RDVPassphrase,,,,,0,#ERROR!,Medium
18.10.9.3.12,Administrative Templates: Windows Components,BitLocker Drive Encryption: Removable Data Drives: Configure use of smart cards on removable data drives,Registry,,HKLM:\Software\Policies\Microsoft\FVE,RDVAllowUserCert,,,,,1,#ERROR!,Medium
18.10.9.3.13,Administrative Templates: Windows Components,BitLocker Drive Encryption: Removable Data Drives: Configure use of smart cards on removable data drives: Require use of smart cards on removable data drives,Registry,,HKLM:\Software\Policies\Microsoft\FVE,RDVEnforceUserCert,,,,,1,#ERROR!,Medium
18.10.9.3.14,Administrative Templates: Windows Components,BitLocker Drive Encryption: Removable Data Drives: Deny write access to removable drives not protected by BitLocker,Registry,,HKLM:\System\CurrentControlSet\Policies\Microsoft\FVE,RDVDenyWriteAccess,,,,,1,#ERROR!,Medium
18.10.9.3.15,Administrative Templates: Windows Components,BitLocker Drive Encryption: Removable Data Drives: Do not allow write access to devices configured in another organization,Registry,,HKLM:\Software\Policies\Microsoft\FVE,RDVDenyCrossOrg,,,,,0,#ERROR!,Medium
18.10.9.4,Administrative Templates: Windows Components,BitLocker Drive Encryption: Disable new DMA devices when this computer is locked,Registry,,HKLM:\Software\Policies\Microsoft\FVE,DisableExternalDMAUnderLock,,,,0,1,#ERROR!,Medium
18.10.10.1,Administrative Templates: Windows Components,Camera: Allow Use of Camera,Registry,,HKLM:\SOFTWARE\Policies\Microsoft\Camera,AllowCamera,,,,1,0,#ERROR!,Medium
18.10.12.1,Administrative Templates: Windows Components,Cloud Content: Turn off cloud consumer account state content,Registry,,HKLM:\Software\Policies\Microsoft\Windows\CloudContent,DisableConsumerAccountStateContent,,,,,1,#ERROR!,Medium
18.10.12.2,Administrative Templates: Windows Components,Cloud Content: Turn off cloud optimized content,Registry,,HKLM:\Software\Policies\Microsoft\Windows\CloudContent,DisableCloudOptimizedContent,,,,0,1,#ERROR!,Medium
18.10.12.3,Administrative Templates: Windows Components,Cloud Content: Turn off Microsoft consumer experiences,Registry,,HKLM:\Software\Policies\Microsoft\Windows\CloudContent,DisableWindowsConsumerFeatures,,,,0,1,#ERROR!,Medium
18.10.13.1,Administrative Templates: Windows Components,Connect: Require pin for pairing,Registry,,HKLM:\SOFTWARE\Policies\Microsoft\Windows\Connect,RequirePinForPairing,,,,0,1,>=,Medium
18.10.14.1,Administrative Templates: Windows Components,Credential User Interface: Do not display the password reveal button,Registry,,HKLM:\Software\Policies\Microsoft\Windows\CredUI,DisablePasswordReveal,,,,0,1,#ERROR!,Medium
18.10.14.2,Administrative Templates: Windows Components,Credential User Interface: Enumerate administrator accounts on elevation,Registry,,HKLM:\SOFTWARE\Microsoft\Windows\CurrentVersion\Policies\CredUI,EnumerateAdministrators,,,,1,0,#ERROR!,Medium
18.10.14.3,Administrative Templates: Windows Components,Credential User Interface: Prevent the use of security questions for local accounts,Registry,,HKLM:\SOFTWARE\Policies\Microsoft\Windows\System,NoLocalPasswordResetQuestions,,,,0,1,#ERROR!,Medium
18.10.15.1,Administrative Templates: Windows Components,Data Collection and Preview Builds: Allow Diagnostic Data,Registry,,HKLM:\Software\Policies\Microsoft\Windows\DataCollection,AllowTelemetry,,,,2,1,<=,Medium
18.10.15.2,Administrative Templates: Windows Components,Data Collection and Preview Builds: Configure Authenticated Proxy usage for the Connected User Experience and Telemetry service,Registry,,HKLM:\Software\Policies\Microsoft\Windows\DataCollection,DisableEnterpriseAuthProxy,,,,0,1,#ERROR!,Medium
18.10.15.3,Administrative Templates: Windows Components,Data Collection and Preview Builds: Disable OneSettings Downloads,Registry,,HKLM:\Software\Policies\Microsoft\Windows\DataCollection,DisableOneSettingsDownloads,,,,,1,#ERROR!,Medium
18.10.15.4,Administrative Templates: Windows Components,Data Collection and Preview Builds: Do not show feedback notifications,Registry,,HKLM:\Software\Policies\Microsoft\Windows\DataCollection,DoNotShowFeedbackNotifications,,,,0,1,#ERROR!,Medium
18.10.15.5,Administrative Templates: Windows Components,Data Collection and Preview Builds: Enable OneSettings Auditing,Registry,,HKLM:\Software\Policies\Microsoft\Windows\DataCollection,EnableOneSettingsAuditing,,,,,1,#ERROR!,Medium
18.10.15.6,Administrative Templates: Windows Components,Data Collection and Preview Builds: Limit Diagnostic Log Collection,Registry,,HKLM:\Software\Policies\Microsoft\Windows\DataCollection,LimitDiagnosticLogCollection,,,,,1,#ERROR!,Medium
18.10.15.7,Administrative Templates: Windows Components,Data Collection and Preview Builds: Limit Dump Collection,Registry,,HKLM:\Software\Policies\Microsoft\Windows\DataCollection,LimitDumpCollection,,,,,1,#ERROR!,Medium
18.10.15.8,Administrative Templates: Windows Components,Data Collection and Preview Builds: Toggle user control over Insider builds,Registry,,HKLM:\SOFTWARE\Policies\Microsoft\Windows\PreviewBuilds,AllowBuildPreview,,,,1,0,#ERROR!,Medium
18.10.16.1,Administrative Templates: Windows Components,Delivery Optimization: Download Mode,Registry,,HKLM:\SOFTWARE\Policies\Microsoft\Windows\DeliveryOptimization,DODownloadMode,,,,1,2,#ERROR!,Medium
18.10.17.1,Administrative Templates: Windows Components,Desktop App Installer: Enable App Installer,Registry,,HKLM:\SOFTWARE\Policies\Microsoft\Windows\AppInstaller,EnableAppInstaller,,,,,0,#ERROR!,Medium
18.10.17.2,Administrative Templates: Windows Components,Desktop App Installer: Enable App Installer Experimental Features,Registry,,HKLM:\SOFTWARE\Policies\Microsoft\Windows\AppInstaller,EnableExperimentalFeatures,,,,,0,#ERROR!,Medium
18.10.17.3,Administrative Templates: Windows Components,Desktop App Installer: Enable App Installer Hash Override,Registry,,HKLM:\SOFTWARE\Policies\Microsoft\Windows\AppInstaller,EnableHashOverride,,,,,0,#ERROR!,Medium
18.10.17.4,Administrative Templates: Windows Components,Desktop App Installer: Enable App Installer ms-appinstaller protocol,Registry,,HKLM:\SOFTWARE\Policies\Microsoft\Windows\AppInstaller,EnableMSAppInstallerProtocol,,,,,0,#ERROR!,Medium
18.10.26.1.1,Administrative Templates: Windows Components,Event Log Service: Application: Control Event Log behavior when the log file reaches its maximum size,Registry,,HKLM:\Software\Policies\Microsoft\Windows\EventLog\Application,Retention,,,,0,0,#ERROR!,Medium
18.10.26.1.2,Administrative Templates: Windows Components,Event Log Service: Application: Specify the maximum log file size (KB),Registry,,HKLM:\Software\Policies\Microsoft\Windows\EventLog\Application,MaxSize,,,,4096,32768,>=,Medium
18.10.26.2.1,Administrative Templates: Windows Components,Event Log Service: Security: Control Event Log behavior when the log file reaches its maximum size,Registry,,HKLM:\Software\Policies\Microsoft\Windows\EventLog\Security,Retention,,,,0,0,#ERROR!,Medium
18.10.26.2.2,Administrative Templates: Windows Components,Event Log Service: Security: Specify the maximum log file size (KB),Registry,,HKLM:\Software\Policies\Microsoft\Windows\EventLog\Security,MaxSize,,,,4096,196608,>=,Medium
18.10.26.3.1,Administrative Templates: Windows Components,Event Log Service: Setup: Control Event Log behavior when the log file reaches its maximum size,Registry,,HKLM:\Software\Policies\Microsoft\Windows\EventLog\Setup,Retention,,,,0,0,#ERROR!,Medium
18.10.26.3.2,Administrative Templates: Windows Components,Event Log Service: Setup: Specify the maximum log file size (KB),Registry,,HKLM:\Software\Policies\Microsoft\Windows\EventLog\Setup,MaxSize,,,,4096,32768,>=,Medium
18.10.26.4.1,Administrative Templates: Windows Components,Event Log Service: System: Control Event Log behavior when the log file reaches its maximum size,Registry,,HKLM:\Software\Policies\Microsoft\Windows\EventLog\System,Retention,,,,0,0,#ERROR!,Medium
18.10.26.4.2,Administrative Templates: Windows Components,Event Log Service: System: Specify the maximum log file size (KB),Registry,,HKLM:\Software\Policies\Microsoft\Windows\EventLog\System,MaxSize,,,,4096,32768,>=,Medium
18.10.29.2,Administrative Templates: Windows Components,File Explorer: Turn off Data Execution Prevention for Explorer,Registry,,HKLM:\SOFTWARE\Policies\Microsoft\Windows\Explorer,NoDataExecutionPrevention,,,,0,0,#ERROR!,Medium
18.10.29.3,Administrative Templates: Windows Components,File Explorer: Turn off heap termination on corruption,Registry,,HKLM:\SOFTWARE\Policies\Microsoft\Windows\Explorer,NoHeapTerminationOnCorruption,,,,0,0,#ERROR!,Medium
18.10.29.4,Administrative Templates: Windows Components,File Explorer: Turn off shell protocol protected mode,Registry,,HKLM:\SOFTWARE\Microsoft\Windows\CurrentVersion\Policies\Explorer,PreXPSP2ShellProtocolBehavior,,,,0,0,#ERROR!,Medium
18.10.33.1,Administrative Templates: Windows Components,HomeGroup: Prevent the computer from joining a homegroup,Registry,,HKLM:\Software\Policies\Microsoft\Windows\HomeGroup,DisableHomeGroup,,,,0,1,#ERROR!,Medium
18.10.35.1,Administrative Templates: Windows Components,Internet Explorer: Disable Internet Explorer 11 as a standalone browser,Registry,,HKLM:\Software\Policies\Microsoft\Internet Explorer\Main,NotifyDisableIEOptions,,,,,1,#ERROR!,Medium
18.10.37.2,Administrative Templates: Windows Components,Location and Sensors: Turn off location,Registry,,HKLM:\SOFTWARE\Policies\Microsoft\Windows\LocationAndSensors,DisableLocation,,,,0,1,#ERROR!,Medium
18.10.41.1,Administrative Templates: Windows Components,Messaging: Allow Message Service Cloud Sync,Registry,,HKLM:\SOFTWARE\Policies\Microsoft\Windows\Messaging,AllowMessageSync,,,,1,0,#ERROR!,Medium
18.10.42.1,Administrative Templates: Windows Components,Microsoft account: Block all consumer Microsoft account user authentication,Registry,,HKLM:\SOFTWARE\Policies\Microsoft\MicrosoftAccount,DisableUserAuth,,,,,1,#ERROR!,Medium
18.10.43.6.3.1,Microsoft Defender Exploit Guard,Network Protection: Prevent users and apps from accessing dangerous websites,Registry,,HKLM:\SOFTWARE\Policies\Microsoft\Windows Defender\Windows Defender Exploit Guard\Network Protection,EnableNetworkProtection,,,,,1,#ERROR!,Medium
18.10.43.7.1,Microsoft Defender Antivirus,MpEngine: Enable file hash computation feature,Registry,,HKLM:\SOFTWARE\Policies\Microsoft\Windows Defender\MpEngine,EnableFileHashComputation,,,,,1,#ERROR!,Medium
18.10.43.10.1,Microsoft Defender Antivirus,Real-time Protection: Scan all downloaded files and attachments,Registry,,HKLM:\Software\Policies\Microsoft\Windows Defender\Real-Time Protection,DisableIOAVProtection,,,,0,0,#ERROR!,Medium
18.10.43.10.2,Microsoft Defender Antivirus,Real-time Protection: Turn off real-time protection,Registry,,HKLM:\Software\Policies\Microsoft\Windows Defender\Real-Time Protection,DisableRealtimeMonitoring,,,,0,0,#ERROR!,Medium
18.10.43.10.3,Microsoft Defender Antivirus,Real-time Protection: Turn on behavior monitoring (Policy),Registry,,HKLM:\SOFTWARE\Policies\Microsoft\Windows Defender\Real-Time Protection,DisableBehaviorMonitoring,,,,0,0,#ERROR!,Medium
18.10.43.10.4,Microsoft Defender Antivirus,Real-time Protection: Turn on script scanning,Registry,,HKLM:\Software\Policies\Microsoft\Windows Defender\Real-Time Protection,DisableScriptScanning,,,,0,0,#ERROR!,Medium
18.10.43.12.1,Microsoft Defender Antivirus,Reporting: Configure Watson events,Registry,,HKLM:\SOFTWARE\Policies\Microsoft\Windows Defender\Reporting,DisableGenericRePorts,,,,0,1,#ERROR!,Medium
18.10.43.13.1,Microsoft Defender Antivirus,Scan: Scan removable drives,Registry,,HKLM:\Software\Policies\Microsoft\Windows Defender\Scan,DisableRemovableDriveScanning,,,,1,0,#ERROR!,Medium
18.10.43.13.2,Microsoft Defender Antivirus,Scan: Turn on e-mail scanning,Registry,,HKLM:\Software\Policies\Microsoft\Windows Defender\Scan,DisableEmailScanning,,,,1,0,#ERROR!,Medium
18.10.43.15,Microsoft Defender Antivirus,Configure detection for potentially unwanted applications,Registry,,HKLM:\Software\Policies\Microsoft\Windows Defender,PUAProtection,,,,0,1,#ERROR!,Medium
18.10.43.16,Microsoft Defender Antivirus,Turn off Microsoft Defender Antivirus,Registry,,HKLM:\Software\Policies\Microsoft\Windows Defender,DisableAntiSpyware,,,,0,0,#ERROR!,Medium
18.10.44.1,Microsoft Defender Application Guard,Allow auditing events in Microsoft Defender Application Guard,Registry,,HKLM:\SOFTWARE\Policies\Microsoft\AppHVSI,AuditApplicationGuard,,,,,1,#ERROR!,Medium
18.10.44.2,Microsoft Defender Application Guard,Allow camera and microphone access in Microsoft Defender Application Guard,Registry,,HKLM:\SOFTWARE\Policies\Microsoft\AppHVSI,AllowCameraMicrophoneRedirection,,,,,0,#ERROR!,Medium
18.10.44.3,Microsoft Defender Application Guard,Allow data persistence for Microsoft Defender Application Guard,Registry,,HKLM:\SOFTWARE\Policies\Microsoft\AppHVSI,AllowPersistence,,,,,0,#ERROR!,Medium
18.10.44.4,Microsoft Defender Application Guard,Allow files to download and save to the host operating system from Microsoft Defender Application Guard,Registry,,HKLM:\SOFTWARE\Policies\Microsoft\AppHVSI,SaveFilesToHost,,,,,0,#ERROR!,Medium
18.10.44.5,Microsoft Defender Application Guard,Configure Microsoft Defender Application Guard clipboard settings: Clipboard behavior setting,Registry,,HKLM:\SOFTWARE\Policies\Microsoft\AppHVSI,AppHVSIClipboardSettings,,,,,1,#ERROR!,Medium
18.10.44.6,Microsoft Defender Application Guard,Turn on Microsoft Defender Application Guard in Managed Mode,Registry,,HKLM:\SOFTWARE\Policies\Microsoft\AppHVSI,AllowAppHVSI_ProviderSet,,,,,1,#ERROR!,Medium
18.10.50.1,Administrative Templates: Windows Components,News and interests: Enable news and interests on the taskbar,Registry,,HKLM:\Software\Policies\Microsoft\Windows\Windows Feeds,EnableFeeds,,,,,0,#ERROR!,Medium
18.10.51.1,Administrative Templates: Windows Components,OneDrive: Prevent the usage of OneDrive for file storage,Registry,,HKLM:\Software\Policies\Microsoft\Windows\OneDrive,DisableFileSyncNGSC,,,,0,1,#ERROR!,Medium
18.10.56.1,Administrative Templates: Windows Components,Push To Install: Turn off Push To Install service,Registry,,HKLM:\SOFTWARE\Policies\Microsoft\PushToInstall,DisablePushToInstall,,,,,1,#ERROR!,Medium
18.10.57.2.2,Administrative Templates: Windows Components,Remote Desktop Connection Client: Do not allow passwords to be saved,Registry,,HKLM:\SOFTWARE\Policies\Microsoft\Windows NT\Terminal Services,DisablePasswordSaving,,,,0,1,#ERROR!,Medium
18.10.57.3.2.1,Administrative Templates: Windows Components,Remote Desktop Session Host: Allow users to connect remotely by using Remote Desktop Services,Registry,,HKLM:\SOFTWARE\Policies\Microsoft\Windows NT\Terminal Services,fDenyTSConnections,,,,0,1,#ERROR!,Medium
18.10.57.3.3.1,Administrative Templates: Windows Components,Remote Desktop Session Host: Device and Resource Redirection: Allow UI Automation redirection,Registry,,HKLM:\SOFTWARE\Policies\Microsoft\Windows NT\Terminal Services,EnableUiaRedirection,,,,,0,#ERROR!,Medium
18.10.57.3.3.2,Administrative Templates: Windows Components,Remote Desktop Session Host: Device and Resource Redirection: Do not allow COM port redirection,Registry,,HKLM:\SOFTWARE\Policies\Microsoft\Windows NT\Terminal Services,fDisableCcm,,,,0,1,#ERROR!,Medium
18.10.57.3.3.3,Administrative Templates: Windows Components,Remote Desktop Session Host: Device and Resource Redirection: Do not allow drive redirection,Registry,,HKLM:\SOFTWARE\Policies\Microsoft\Windows NT\Terminal Services,fDisableCdm,,,,0,1,#ERROR!,Medium
18.10.57.3.3.4,Administrative Templates: Windows Components,Remote Desktop Session Host: Device and Resource Redirection: Do not allow location redirection,Registry,,HKLM:\SOFTWARE\Policies\Microsoft\Windows NT\Terminal Services,fDisableLocationRedir,,,,,1,#ERROR!,Medium
18.10.57.3.3.5,Administrative Templates: Windows Components,Remote Desktop Session Host: Device and Resource Redirection: Do not allow LPT port redirection,Registry,,HKLM:\SOFTWARE\Policies\Microsoft\Windows NT\Terminal Services,fDisableLPT,,,,0,1,#ERROR!,Medium
18.10.57.3.3.6,Administrative Templates: Windows Components,Remote Desktop Session Host: Device and Resource Redirection: Do not allow supported Plug and Play device redirection,Registry,,HKLM:\SOFTWARE\Policies\Microsoft\Windows NT\Terminal Services,fDisablePNPRedir,,,,0,1,#ERROR!,Medium
18.10.57.3.3.7,Administrative Templates: Windows Components,Remote Desktop Session Host: Do not allow WebAuthn redirection,Registry,,HKLM:\SOFTWARE\Policies\Microsoft\Windows NT\Terminal Services,fDisableWebAuthn,,,,,1,#ERROR!,Medium
18.10.57.3.9.1,Administrative Templates: Windows Components,Remote Desktop Session Host: Security: Always prompt for password upon connection,Registry,,HKLM:\SOFTWARE\Policies\Microsoft\Windows NT\Terminal Services,fPromptForPassword,,,,0,1,#ERROR!,Medium
18.10.57.3.9.2,Administrative Templates: Windows Components,Remote Desktop Session Host: Security: Require secure RPC communication,Registry,,HKLM:\SOFTWARE\Policies\Microsoft\Windows NT\Terminal Services,fEncryptRPCTraffic,,,,0,1,#ERROR!,Medium
18.10.57.3.9.3,Administrative Templates: Windows Components,Remote Desktop Session Host: Security: Require use of specific security layer for remote (RDP) connections,Registry,,HKLM:\SOFTWARE\Policies\Microsoft\Windows NT\Terminal Services,SecurityLayer,,,,0,2,#ERROR!,Medium
18.10.57.3.9.4,Administrative Templates: Windows Components,Remote Desktop Session Host: Security: Require user authentication for remote connections by using Network Level Authentication,Registry,,HKLM:\SOFTWARE\Policies\Microsoft\Windows NT\Terminal Services,UserAuthentication,,,,0,1,#ERROR!,Medium
18.10.57.3.9.5,Administrative Templates: Windows Components,Remote Desktop Session Host: Security: Set client connection encryption level,Registry,,HKLM:\SOFTWARE\Policies\Microsoft\Windows NT\Terminal Services,MinEncryptionLevel,,,,0,3,#ERROR!,Medium
18.10.57.3.10.1,Administrative Templates: Windows Components,Remote Desktop Session Host: Session Time Limits: Set time limit for active but idle Remote Desktop Services sessions,Registry,,HKLM:\SOFTWARE\Policies\Microsoft\Windows NT\Terminal Services,MaxIdleTime,,,,0,900000,<=!0,Medium
18.10.57.3.10.2,Administrative Templates: Windows Components,Remote Desktop Session Host: Session Time Limits: Set time limit for disconnected sessions,Registry,,HKLM:\SOFTWARE\Policies\Microsoft\Windows NT\Terminal Services,MaxDisconnectionTime,,,,0,60000,#ERROR!,Medium
18.10.57.3.11.1,Administrative Templates: Windows Components,Remote Desktop Session Host: Temporary folders: Do not delete temp folders upon exit,Registry,,HKLM:\SOFTWARE\Policies\Microsoft\Windows NT\Terminal Services,DeleteTempDirsOnExit,,,,1,1,#ERROR!,Medium
18.10.58.1,Administrative Templates: Windows Components,RSS Feeds: Prevent downloading of enclosures,Registry,,HKLM:\Software\Policies\Microsoft\Internet Explorer\Feeds,DisableEnclosureDownload,,,,0,1,#ERROR!,Medium
18.10.59.2,Administrative Templates: Windows Components,Search: Allow Cloud Search,Registry,,HKLM:\SOFTWARE\Policies\Microsoft\Windows\Windows Search,AllowCloudSearch,,,,1,0,#ERROR!,Medium
18.10.59.3,Administrative Templates: Windows Components,Search: Allow Cortana,Registry,,HKLM:\SOFTWARE\Policies\Microsoft\Windows\Windows Search,AllowCortana,,,,1,0,#ERROR!,Medium
18.10.59.4,Administrative Templates: Windows Components,Search: Allow Cortana above lock screen,Registry,,HKLM:\SOFTWARE\Policies\Microsoft\Windows\Windows Search,AllowCortanaAboveLock,,,,1,0,#ERROR!,Medium
18.10.59.5,Administrative Templates: Windows Components,Search: Allow indexing of encrypted files,Registry,,HKLM:\SOFTWARE\Policies\Microsoft\Windows\Windows Search,AllowIndexingEncryptedStoresOrItems,,,,1,0,#ERROR!,Medium
18.10.59.7,Administrative Templates: Windows Components,Search: Allow search highlights,Registry,,HKLM:\SOFTWARE\Policies\Microsoft\Windows\Windows Search,EnableDynamicContentInWSB,,,,,0,#ERROR!,Medium
18.10.59.6,Administrative Templates: Windows Components,Search: Allow search and Cortana to use location,Registry,,HKLM:\SOFTWARE\Policies\Microsoft\Windows\Windows Search,AllowSearchToUseLocation,,,,1,0,#ERROR!,Medium
18.10.63.1,Administrative Templates: Windows Components,Software Protection Platform: Turn off KMS Client Online AVS Validation,Registry,,HKLM:\SOFTWARE\Policies\Microsoft\Windows NT\CurrentVersion\Software Protection Platform,NoGenTicket,,,,0,1,#ERROR!,Medium
18.10.66.1,Administrative Templates: Windows Components,Store: Disable all apps from Microsoft Store,Registry,,HKLM:\SOFTWARE\Policies\Microsoft\WindowsStore,DisableStoreApps,,,,,1,#ERROR!,Medium
18.10.66.2,Administrative Templates: Windows Components,Store: Only display the private store within the Microsoft Store,Registry,,HKLM:\SOFTWARE\Policies\Microsoft\WindowsStore,RequirePrivateStoreOnly,,,,,1,#ERROR!,Medium
18.10.66.3,Administrative Templates: Windows Components,Store: Turn off Automatic Download and Install of updates,Registry,,HKLM:\SOFTWARE\Policies\Microsoft\WindowsStore,AutoDownload,,,,,4,#ERROR!,Medium
18.10.66.4,Administrative Templates: Windows Components,Store: Turn off the offer to update to the latest version of Windows,Registry,,HKLM:\SOFTWARE\Policies\Microsoft\WindowsStore,DisableOSUpgrade,,,,,1,#ERROR!,Medium
18.10.66.5,Administrative Templates: Windows Components,Store: Turn off the Store application,Registry,,HKLM:\SOFTWARE\Policies\Microsoft\WindowsStore,RemoveWindowsStore,,,,,1,#ERROR!,Medium
18.10.72.1,Administrative Templates: Windows Components,Widgest: Allow widgets,Registry,,HKLM:\SOFTWARE\Policies\Microsoft\Dsh,AllowNewsAndInterests,,,,,0,#ERROR!,Medium
18.10.76.1.1.1,Administrative Templates: Windows Components,File Explorer: Configure Windows Defender SmartScreen,Registry,,HKLM:\SOFTWARE\Policies\Microsoft\Windows\System,EnableSmartScreen,,,,1,1,#ERROR!,Medium
18.10.76.1.1.2,Administrative Templates: Windows Components,File Explorer: Configure Windows Defender SmartScreen to warn and prevent bypass,Registry,,HKLM:\SOFTWARE\Policies\Microsoft\Windows\System,ShellSmartScreenLevel,,,,Warn,Block,#ERROR!,Medium
18.10.76.2.1,Microsoft Edge,Configure Windows Defender SmartScreen,Registry,,HKLM:\Software\Policies\Microsoft\MicrosoftEdge\PhishingFilter,EnabledV9,,,,,1,#ERROR!,Medium
18.10.76.2.2,Microsoft Edge,Prevent bypassing Microsoft Defender SmartScreen prompts for sites,Registry,,HKLM:\Software\Policies\Microsoft\MicrosoftEdge\PhishingFilter,PreventOverride,,,,,1,#ERROR!,Medium
18.10.78.1,Administrative Templates: Windows Components,Windows Game Recording and Broadcasting: Enables or disables Windows Game Recording and Broadcasting,Registry,,HKLM:\Software\Policies\Microsoft\Windows\GameDVR,AllowGameDVR,,,,1,0,#ERROR!,Medium
18.10.80.1,Administrative Templates: Windows Components,Windows Ink Workspace: Allow suggested apps in Windows Ink Workspace,Registry,,HKLM:\Software\Policies\Microsoft\WindowsInkWorkspace,AllowSuggestedAppsInWindowsInkWorkspace,,,,1,0,#ERROR!,Medium
18.10.80.2,Administrative Templates: Windows Components,Windows Ink Workspace: Allow Windows Ink Workspace,Registry,,HKLM:\Software\Policies\Microsoft\WindowsInkWorkspace,AllowWindowsInkWorkspace,,,,1,1,<=,Medium
18.10.81.1,Administrative Templates: Windows Components,Windows Installer: Allow user control over installs,Registry,,HKLM:\Software\Policies\Microsoft\Windows\Installer,EnableUserControl,,,,1,0,#ERROR!,Medium
18.10.81.2,Administrative Templates: Windows Components,Windows Installer: Always install with elevated privileges,Registry,,HKLM:\Software\Policies\Microsoft\Windows\Installer,AlwaysInstallElevated,,,,0,0,#ERROR!,Medium
18.10.81.3,Administrative Templates: Windows Components,Windows Installer: Prevent Internet Explorer security prompt for Windows Installer scripts,Registry,,HKLM:\Software\Policies\Microsoft\Windows\Installer,SafeForScripting,,,,1,0,#ERROR!,Medium
10.10.82.1,Administrative Templates: Windows Components,Windows Logon Options: Enable MPR notifications for the system,Registry,,HKLM:\Software\Microsoft\Windows\CurrentVersion\Policies\System,EnableMPR,,,,,0,#ERROR!,Medium
18.10.82.2,Administrative Templates: Windows Components,Windows Logon Options: Sign-in and lock last interactive user automatically after a restart,Registry,,HKLM:\SOFTWARE\Microsoft\Windows\CurrentVersion\Policies\System,DisableAutomaticRestartSignOn,,,,0,1,#ERROR!,Medium
18.10.87.1,PowerShell,Turn on PowerShell Script Block Logging,Registry,,HKLM:\Software\Policies\Microsoft\Windows\PowerShell\ScriptBlockLogging,EnableScriptBlockLogging,,,,0,1,#ERROR!,Medium
18.10.87.2,PowerShell,Turn on PowerShell Transcription,Registry,,HKLM:\Software\Policies\Microsoft\Windows\PowerShell\Transcription,EnableTranscripting,,,,0,1,#ERROR!,Medium
18.10.89.1.1,Administrative Templates: Windows Components,WinRM Client: Allow Basic authentication,Registry,,HKLM:\Software\Policies\Microsoft\Windows\WinRM\Client,AllowBasic,,,,1,0,#ERROR!,Medium
18.10.89.1.2,Administrative Templates: Windows Components,WinRM Client: Allow unencrypted traffic,Registry,,HKLM:\Software\Policies\Microsoft\Windows\WinRM\Client,AllowUnencryptedTraffic,,,,1,0,#ERROR!,Medium
18.10.89.1.3,Administrative Templates: Windows Components,WinRM Client: Disallow Digest authentication,Registry,,HKLM:\Software\Policies\Microsoft\Windows\WinRM\Client,AllowDigest,,,,1,0,#ERROR!,Medium
18.10.89.2.1,Administrative Templates: Windows Components,WinRM Service: Allow Basic authentication,Registry,,HKLM:\Software\Policies\Microsoft\Windows\WinRM\Service,AllowBasic,,,,1,0,#ERROR!,Medium
18.10.89.2.2,Administrative Templates: Windows Components,WinRM Service: Allow remote server management through WinRM,Registry,,HKLM:\Software\Policies\Microsoft\Windows\WinRM\Service,AllowAutoConfig,,,,1,0,#ERROR!,Medium
18.10.89.2.3,Administrative Templates: Windows Components,WinRM Service: Allow unencrypted traffic,Registry,,HKLM:\Software\Policies\Microsoft\Windows\WinRM\Service,AllowUnencryptedTraffic,,,,1,0,#ERROR!,Medium
18.10.89.2.4,Administrative Templates: Windows Components,WinRM Service: Disallow WinRM from storing RunAs credentials,Registry,,HKLM:\Software\Policies\Microsoft\Windows\WinRM\Service,DisableRunAs,,,,0,1,#ERROR!,Medium
18.10.90.1,Administrative Templates: Windows Components,Windows Remote Shell: Allow Remote Shell Access,Registry,,HKLM:\Software\Policies\Microsoft\Windows\WinRM\Service\WinRS,AllowRemoteShellAccess,,,,1,0,#ERROR!,Medium
18.10.91.1,Administrative Templates: Windows Components,Windows Sandbox: Allow clipboard sharing with Windows Sandbox,Registry,,HKLM:\SOFTWARE\Policies\Microsoft\Windows\Sandbox,AllowClipboardRedirection,,,,,0,#ERROR!,Medium
18.10.91.2,Administrative Templates: Windows Components,Windows Sandbox: Allow networking in Windows Sandbox,Registry,,HKLM:\SOFTWARE\Policies\Microsoft\Windows\Sandbox,AllowNetworking,,,,,0,#ERROR!,Medium
18.10.92.2.1,Administrative Templates: Windows Components,App and browser protection: Prevent users from modifying settings,Registry,,HKLM:\SOFTWARE\Policies\Microsoft\Windows Defender Security Center\App and Browser protection,DisallowExploitProtectionOverride,,,,,1,#ERROR!,Medium